,FLIAVG_mean,FLIAVG_std,FLIAVG_skew,FLIAVG_max,FLIAVG_median,FLIAVG_min,FLIAVG_energy,FLIAVG_entropy,FLIAVG_zcr_mean,FLIAVG_zcr_std,FLIAVG_zcr_skew,FLIAVG_zcr_max,FLIAVG_zcr_median,FLIAVG_zcr_min,FLIAVG_spec_roll_off_mean,FLIAVG_spec_roll_off_std,FLIAVG_spec_roll_off_skew,FLIAVG_spec_roll_off_max,FLIAVG_spec_roll_off_median,FLIAVG_spec_roll_off_min,FLIAVG_spec_centroid_mean,FLIAVG_spec_centroid_std,FLIAVG_spec_centroid_skew,FLIAVG_spec_centroid_max,FLIAVG_spec_centroid_median,FLIAVG_spec_centroid_min,FLIAVG_spec_contrast_mean,FLIAVG_spec_contrast_std,FLIAVG_spec_contrast_skew,FLIAVG_spec_contrast_max,FLIAVG_spec_contrast_median,FLIAVG_spec_contrast_min,FLIAVG_spec_bandwidth_mean,FLIAVG_spec_bandwidth_std,FLIAVG_spec_bandwidth_skew,FLIAVG_spec_bandwidth_max,FLIAVG_spec_bandwidth_median,FLIAVG_spec_bandwidth_min
0,2.208160083333334,1.3926165349271469,-0.6896251458641102,3.25,3.24,0.0,6.815351766979169,-15680.287155876847,0.0,0.0,,0.0,0.0,0.0,2460.16845703125,726.74560546875,0.0,3186.9140625,2460.16845703125,1733.4228515625,1153.958753106381,167.60877307296255,0.0,1321.5675261793435,1153.958753106381,986.3499800334184,15.614779535269586,0.3883911738385155,0.0,16.0031707091081,15.614779535269586,15.22638836143107,2325.89434248214,138.639024670327,4.980334480898505e-15,2464.5333671524672,2325.89434248214,2464.5333671524672
1,3.250521630952381,0.002635191249965388,1.7046229499360779,3.26,3.25,3.24,10.56589781752225,-24910.508765748003,0.0,0.0,,0.0,0.0,0.0,2497.8515625,678.2958984375,0.0,3176.1474609375,2497.8515625,1819.5556640625,1130.7779820944393,181.69906478270786,0.0,1312.4770468771471,1130.7779820944393,949.0789173117314,16.18083405141871,1.9071166919818268,0.0,18.087950743400537,16.18083405141871,14.273717359436883,2316.374733379753,146.17432907307102,0.0,2462.549062452824,2316.374733379753,2462.549062452824
2,1.801475928571428,1.5629606371119829,-0.18618450196783834,3.26,3.25,0.0,5.688161474383786,-13246.51203996933,0.0,0.0,,0.0,0.0,0.0,3095.39794921875,1146.64306640625,0.0,4242.041015625,3095.39794921875,1948.7548828125,1349.573810735222,334.62244752522497,0.0,1684.196258260447,1349.573810735222,1014.951363209997,13.841997275237096,5.6905663413637,0.0,19.532563616600797,13.841997275237096,8.151430933873396,2425.0751424745627,232.3330069508729,0.0,2657.4081494254356,2425.0751424745627,2657.4081494254356
3,2.1260638333333324,1.511435372109636,-0.6202103003694396,3.2799999999999994,3.26,0.0,6.804584307472222,-15945.836664396156,0.0,0.0,,0.0,0.0,0.0,2465.5517578125,721.3623046875,0.0,3186.9140625,2465.5517578125,1744.189453125,1158.1233081400583,163.85490667329879,-9.526520162631517e-16,1321.978214813357,1158.1233081400583,994.2684014667594,15.73690583773843,1.8339116982609518,0.0,17.57081753599938,15.73690583773843,13.902994139477478,2337.425122872988,130.81294853368945,0.0,2468.2380714066776,2337.425122872988,2468.2380714066776
4,3.2695173333333325,0.0022422036779323673,-3.6229407243579854,3.2799999999999994,3.2699999999999996,3.259999999999999,10.689748620444446,-25327.073344890105,0.0,0.0,,0.0,0.0,0.0,2497.8515625,678.2958984375,0.0,3176.1474609375,2497.8515625,1819.5556640625,1131.3530474416573,181.7873823595785,0.0,1313.1404298012358,1131.3530474416573,949.5656650820788,16.19396009065146,1.8992992457986073,-2.7871381079742195e-15,18.093259336450064,16.19396009065146,14.29466084485285,2317.3933351267833,145.59995260061055,-4.752224920675166e-15,2462.9932877273936,2317.3933351267833,2462.9932877273936
5,2.317566857142857,1.4393368306498897,-0.8924028014072435,3.2799999999999994,3.2699999999999996,0.0,7.44280664939229,-17492.88934916051,0.0,0.0,,0.0,0.0,0.0,2427.86865234375,759.04541015625,0.0,3186.9140625,2427.86865234375,1668.8232421875,1146.0715958290473,175.67119496600498,9.448462702956274e-16,1321.7427907950523,1146.0715958290473,970.4004008630424,15.741034168071275,0.9270126651542316,0.0,16.668046833225507,15.741034168071275,14.814021502917043,2321.794163722193,145.14993562933068,0.0,2466.9440993515236,2321.794163722193,2466.9440993515236
6,3.2789560000000004,0.002970616770975233,-2.5814562991581185,3.2799999999999994,3.2799999999999994,3.2699999999999996,10.751561274499997,-25535.52376468797,0.0,0.0,,0.0,0.0,0.0,2503.23486328125,683.67919921875,0.0,3186.9140625,2503.23486328125,1819.5556640625,1133.2661253765357,182.52293359744937,-9.955456193013025e-16,1315.789058973985,1133.2661253765357,950.7431917790863,16.191313415739884,1.916547661716379,0.0,18.107861077456263,16.191313415739884,14.274765754023505,2318.8546786533266,145.92973014509062,0.0,2464.784408798417,2318.8546786533266,2464.784408798417
7,2.757628047619048,1.1633941910769963,-1.832162894353364,3.29,3.2799999999999994,0.0,8.957998492846937,-21187.702185798415,0.0,0.0,,0.0,0.0,0.0,2325.5859375,829.0283203125,0.0,3154.6142578125,2325.5859375,1496.5576171875,1114.2278244085878,197.91786853235544,0.0,1312.1456929409433,1114.2278244085878,916.3099558762324,18.714136741611764,2.3274258116078492,0.0,21.041562553219613,18.714136741611764,16.386710930003915,2286.1333506106407,173.13333300614522,0.0,2459.266683616786,2286.1333506106407,2459.266683616786
8,3.289862333333333,0.0011312938020986568,-8.36645961837166,3.29,3.29,3.2799999999999994,10.823195452111108,-25777.515797248794,0.0,0.0,,0.0,0.0,0.0,2497.8515625,678.2958984375,0.0,3176.1474609375,2497.8515625,1819.5556640625,1132.5571846313094,182.22185710374475,-1.0004884549260256e-15,1314.779041735054,1132.5571846313094,950.3353275275646,16.180643516433545,1.911144431063299,0.0,18.091787947496844,16.180643516433545,14.269499085370246,2318.3017684191072,145.78839012147728,0.0,2464.0901585405845,2318.3017684191072,2464.0901585405845
9,2.5400034166666665,1.2782588888406106,-1.2199141749308915,3.3099999999999996,3.29,0.0,8.085563143578371,-18969.85111937998,0.0,0.0,,0.0,0.0,0.0,2320.20263671875,769.81201171875,0.0,3090.0146484375,2320.20263671875,1550.390625,1121.4738217025356,179.7682854381552,1.843566218496641e-15,1301.242107140691,1121.4738217025356,941.7055362643805,17.51659471062196,0.5234240660813541,0.0,18.040018776703313,17.51659471062196,16.993170644540605,2290.221259503831,156.56962317418106,-4.307010876346388e-15,2446.7908826780117,2290.221259503831,2446.7908826780117
10,3.3101455000000004,0.001996906433850999,1.5033957357220313,3.3199999999999994,3.3099999999999996,3.299999999999999,10.957067218805548,-26231.05877629813,0.0,0.0,,0.0,0.0,0.0,2492.46826171875,672.91259765625,0.0,3165.380859375,2492.46826171875,1819.5556640625,1130.8160004907388,181.34628618828646,8.588885664802588e-16,1312.1622866790253,1130.8160004907388,949.4697143024524,16.167405558799338,1.909028757358696,2.7447403377745347e-15,18.076434316158036,16.167405558799338,14.258376801440644,2317.0076345105695,145.30341762730086,0.0,2462.3110521378703,2317.0076345105695,2462.3110521378703
11,2.9094388571428573,1.0275560054599402,-2.2798746737799673,3.33,3.3099999999999996,0.0,9.520705807809522,-22664.002181321674,0.0,0.0,,0.0,0.0,0.0,2320.20263671875,769.81201171875,0.0,3090.0146484375,2320.20263671875,1550.390625,1107.0947449833743,191.3704437020541,1.7939457565289657e-15,1298.4651886854285,1107.0947449833743,915.7243012813203,16.974146785503347,1.1882353766852525,0.0,18.1623821621886,16.974146785503347,15.785911408818095,2269.996951041815,173.59556900749476,0.0,2443.5925200493098,2269.996951041815,2443.5925200493098
12,2.861525535714287,0.9966518951849405,-2.339266054061434,3.25,3.24,0.0,9.181643391720668,-21487.192953713144,0.0,0.0,,0.0,0.0,0.0,2309.43603515625,866.71142578125,0.0,3176.1474609375,2309.43603515625,1442.724609375,1097.7628784278995,217.29179321039544,1.5431888599798296e-15,1315.054671638295,1097.7628784278995,880.4710852175042,16.446551541664192,2.1578293495535874,0.0,18.60438089121778,16.446551541664192,14.288722192110605,2286.40167674457,177.9100290522149,3.8865718478343055e-15,2464.311705796785,2286.40167674457,2464.311705796785
13,3.237811000000001,0.04519963865514366,-15.514542627988208,3.26,3.24,2.4,10.485463079055558,-24644.50299935925,0.0,0.0,,0.0,0.0,0.0,1819.5556640625,279.931640625,0.0,2099.4873046875,1819.5556640625,1539.6240234375,980.6198926299988,92.61747553410908,0.0,1073.237368164108,980.6198926299988,888.0024170958898,16.11191432002584,1.8296469271453066,2.9002026205578185e-15,17.941561247171148,16.11191432002584,14.282267392880534,2201.878965871699,88.17351703870145,0.0,2290.0524829104006,2201.878965871699,2290.0524829104006
14,2.574626000000001,1.270897120152882,-1.4383300799786938,3.26,3.24,0.0,8.24387852988889,-19270.59759673479,0.0,0.0,,0.0,0.0,0.0,2347.119140625,785.9619140625,0.0,3133.0810546875,2347.119140625,1561.1572265625,1116.16959263137,204.52596893863733,0.0,1320.6955615700074,1116.16959263137,911.6436236927327,15.707296061663259,0.2114875220174195,0.0,15.918783583680678,15.707296061663259,15.49580853964584,2264.6835090803816,185.16853320331052,-3.667233638948139e-15,2449.852042283692,2264.6835090803816,2449.852042283692
15,3.013482261904763,0.8094225591309797,-3.346863162263706,3.25,3.24,0.0,9.736240222044788,-22863.20742169061,0.0,0.0,,0.0,0.0,0.0,2158.70361328125,1017.44384765625,0.0,3176.1474609375,2158.70361328125,1141.259765625,1055.6017968619185,259.17548696515314,0.0,1314.7772838270716,1055.6017968619185,796.4263098967654,18.041818964971355,3.837901268869027,-1.3826157326804397e-15,21.87972023384038,18.041818964971355,14.203917696102327,2242.575468008723,221.53406492472345,3.0837636264125197e-15,2464.1095329334466,2242.575468008723,2464.1095329334466
16,3.073562023809525,0.6534640203376435,-3.925509756082222,3.24,3.24,0.0,9.873798740079936,-23111.43395735316,0.0,0.0,,0.0,0.0,0.0,942.07763671875,392.98095703125,0.0,1335.05859375,942.07763671875,549.0966796875,636.4073978843078,192.40282020557538,0.0,828.8102180898832,636.4073978843078,444.0045776787324,21.164186887534704,5.869799215113524,0.0,27.033986102648228,21.164186887534704,15.29438767242118,1730.6750512499761,314.39022256836836,1.0789356354495055e-15,2045.0652738183446,1730.6750512499761,2045.0652738183446
17,2.8348651666666673,1.0230928252257006,-2.220358632777186,3.26,3.24,0.0,9.083179442208337,-21240.373521722446,0.0,0.0,,0.0,0.0,0.0,2314.8193359375,807.4951171875,0.0,3122.314453125,2314.8193359375,1507.32421875,1112.510274142187,195.12372442994126,1.6924025366276667e-15,1307.6339985721283,1112.510274142187,917.3865497122458,16.717783334929237,0.9746262738363001,0.0,17.692409608765537,16.717783334929237,15.743157061092937,2277.79177677172,175.98879075285208,-3.92982258746866e-15,2453.780567524572,2277.79177677172,2453.780567524572
18,3.240168333333335,0.0015520765659807207,9.895146119515271,3.26,3.24,3.2399999999999993,10.49869323727778,-24685.065654766768,0.0,0.0,,0.0,0.0,0.0,2508.6181640625,667.529296875,0.0,3176.1474609375,2508.6181640625,1841.0888671875,1133.5136726140927,181.1492440073299,-1.958396233955825e-15,1314.6629166214225,1133.5136726140927,952.3644286067627,16.183553084685997,1.9122042413076787,-2.7946026479737607e-15,18.095757325993674,16.183553084685997,14.271348843378316,2319.0791055003265,144.9365108677921,0.0,2464.0156163681186,2319.0791055003265,2464.0156163681186
19,2.841784690476192,1.012405783338096,-2.2533098521722468,3.26,3.24,0.0,9.100705697161283,-21272.62193035826,0.0,0.0,,0.0,0.0,0.0,2427.86865234375,726.74560546875,0.0,3154.6142578125,2427.86865234375,1701.123046875,1143.5985255392761,204.78618482463207,0.0,1348.3847103639082,1143.5985255392761,938.812340714644,15.335457508177152,2.3319265096834183,0.0,17.66738401786057,15.335457508177152,13.003530998493734,2290.2156339436115,161.19328554613026,-4.2804558462263175e-15,2451.4089194897415,2290.2156339436115,2451.4089194897415
20,2.524229500000001,1.300583936170286,-1.3200606168784754,3.26,3.24,0.0,8.063253143694446,-18828.30146929431,0.0,0.0,,0.0,0.0,0.0,2384.80224609375,791.34521484375,0.0,3176.1474609375,2384.80224609375,1593.45703125,1129.1409108016753,187.8136721977374,-9.137594343755616e-16,1316.9545829994127,1129.1409108016753,941.3272386039379,15.336440887666697,0.11543604373211025,0.0,15.451876931398807,15.336440887666697,15.221004843934587,2305.4596603844075,159.06744999990065,4.338678255137663e-15,2464.5271103843083,2305.4596603844075,2464.5271103843083
21,3.2403160000000018,0.002021782460469008,7.13818044254535,3.26,3.24,3.2399999999999993,10.49965186746032,-24688.281670537734,0.0,0.0,,0.0,0.0,0.0,2497.8515625,678.2958984375,0.0,3176.1474609375,2497.8515625,1819.5556640625,1132.3494355733974,182.0720104750062,0.0,1314.4214460484036,1132.3494355733974,950.2774250983912,16.18139087402063,1.9001450077768212,0.0,18.08153588179745,16.18139087402063,14.281245866243808,2318.153638664106,145.7005694125919,0.0,2463.854208076698,2318.153638664106,2463.854208076698
22,2.4913403333333344,1.3222749565325744,-1.2545039902703905,3.259999999999999,3.24,0.0,7.95518771716667,-18569.763575555175,0.0,0.0,,0.0,0.0,0.0,2427.86865234375,737.51220703125,0.0,3165.380859375,2427.86865234375,1690.3564453125,1140.3975685346281,180.12897462455663,-9.56094125959997e-16,1320.5265431591847,1140.3975685346281,960.2685939100714,15.916421595433341,0.08790909875541786,0.0,16.00433069418876,15.916421595433341,15.828512496677924,2302.016521354381,157.28011525871534,0.0,2459.2966366130963,2302.016521354381,2459.2966366130963
23,3.240000000000002,1.784111474254561e-15,,3.24,3.24,3.2399999999999993,10.497600000000004,-24681.39717390595,0.0,0.0,,0.0,0.0,0.0,2497.8515625,678.2958984375,0.0,3176.1474609375,2497.8515625,1819.5556640625,1132.480407781207,182.1825235477279,0.0,1314.662931328935,1132.480407781207,950.2978842334792,16.180666624247102,1.9092932904842304,-2.80740428502342e-15,18.08995991473133,16.180666624247102,14.27137333376287,2318.246845271685,145.76878187948637,-4.735731969002934e-15,2464.015627151171,2318.246845271685,2464.015627151171
24,2.554577875000001,1.2707674208754085,-1.378058964852275,3.26,3.24,0.0,8.140717957397854,-18987.65005823237,0.0,0.0,,0.0,0.0,0.0,2390.185546875,775.1953125,0.0,3165.380859375,2390.185546875,1614.990234375,1132.516558005873,195.91750415990055,0.0,1328.4340621657736,1132.516558005873,936.5990538459725,17.557396912007672,1.0423234193260171,0.0,18.59972033133369,17.557396912007672,16.515073492681655,2290.5706132203477,168.4634692125303,3.993344439410404e-15,2459.034082432878,2290.5706132203477,2459.034082432878
25,3.2432573928571435,0.004598032233397068,0.8532175890070737,3.26,3.24,3.2399999999999993,10.518739658222932,-24752.30284059598,0.0,0.0,,0.0,0.0,0.0,2503.23486328125,683.67919921875,0.0,3186.9140625,2503.23486328125,1819.5556640625,1133.3066443021826,182.40925267168006,-1.8413688159116057e-15,1315.7158969738625,1133.3066443021826,950.8973916305024,16.17895426526939,1.9128022716147193,0.0,18.09175653688411,16.17895426526939,14.26615199365467,2318.8506540725875,145.84921495964295,-4.652855237341122e-15,2464.6998690322303,2318.8506540725875,2464.6998690322303
26,2.6230558333333343,1.2244888469023287,-1.5504338462710718,3.26,3.24,0.0,8.379794840972227,-19563.97441284864,0.0,0.0,,0.0,0.0,0.0,2384.80224609375,759.04541015625,0.0,3143.84765625,2384.80224609375,1625.7568359375,1136.6903253012201,185.4509297778086,0.0,1322.1412550790287,1136.6903253012201,951.2393955234115,17.654475595935175,2.4317892533363707,-2.1616752816966896e-15,20.086264849271544,17.654475595935175,15.222686342598802,2312.2347469550036,153.32784565152178,0.0,2465.5625926065254,2312.2347469550036,2465.5625926065254
27,3.2419442500000013,0.0039540230114295275,1.5524075670196085,3.259999999999999,3.24,3.2299999999999995,10.51021815440604,-24723.721328695443,0.0,0.0,,0.0,0.0,0.0,2497.8515625,678.2958984375,0.0,3176.1474609375,2497.8515625,1819.5556640625,1132.990390477227,181.65805311437475,0.0,1314.6484435916018,1132.990390477227,951.3323373628523,16.1814670966966,1.9097951191954294,0.0,18.09126221589203,16.1814670966966,14.271671977501171,2318.6970091376097,145.31374338404567,0.0,2464.0107525216554,2318.6970091376097,2464.0107525216554
28,2.8211616666666677,1.03071304915443,-2.1568466255451053,3.26,3.24,0.0,9.02132253916667,-21074.084013796044,0.0,0.0,,0.0,0.0,0.0,2438.63525390625,769.81201171875,0.0,3208.447265625,2438.63525390625,1668.8232421875,1149.5327898290725,209.081554206943,-1.6303203646657426e-15,1358.6143440360154,1149.5327898290725,940.4512356221294,15.064720466064415,2.8452444171453593,0.0,17.909964883209774,15.064720466064415,12.219476048919056,2313.765126272087,165.5463277090048,0.0,2479.3114539810917,2313.765126272087,2479.3114539810917
29,2.7452814166666677,1.1133221326809055,-1.8859257753466976,3.25,3.24,0.0,8.776056227812504,-20501.269486729958,0.0,0.0,,0.0,0.0,0.0,2357.8857421875,764.4287109375,0.0,3122.314453125,2357.8857421875,1593.45703125,1128.7043427056328,180.74990443742172,0.0,1309.4542471430545,1128.7043427056328,947.9544382682111,17.262114289685975,1.7892264305401753,0.0,19.05134072022615,17.262114289685975,15.4728878591458,2299.1944186144888,155.48978708712593,0.0,2454.6842057016147,2299.1944186144888,2454.6842057016147
30,2.65630192857143,1.177833347480057,-1.6102875917145534,3.2699999999999996,3.24,0.0,8.44323133016837,-19679.108142128334,0.0,0.0,,0.0,0.0,0.0,2169.47021484375,963.61083984375,0.0,3133.0810546875,2169.47021484375,1205.859375,1070.3540480741835,259.04458512523337,6.429213093116394e-16,1329.398633199417,1070.3540480741835,811.3094629489502,16.572478159622896,0.17354798938829497,3.0698222448633965e-14,16.746026149011193,16.572478159622896,16.398930170234603,2221.1000638372325,224.5615741375043,-3.0429549460707743e-15,2445.6616379747365,2221.1000638372325,2445.6616379747365
31,3.182363880952382,0.33224208865420046,-5.840560815205605,3.25,3.24,1.09,10.237824676263608,-23979.377209089176,0.0,0.0,,0.0,0.0,0.0,1071.27685546875,296.08154296875,0.0,1367.3583984375,1071.27685546875,775.1953125,752.3753509121498,85.59260370522702,0.0,837.9679546173768,752.3753509121498,666.7827472069227,17.816720095772666,2.6268278346204266,-2.0580441090780447e-15,20.44354793039309,17.816720095772666,15.189892261152238,1941.1197478328668,116.4369924427674,0.0,2057.556740275634,1941.1197478328668,2057.556740275634
32,2.8514586369047628,1.000206630606906,-2.292429304388645,3.26,3.24,0.0,9.131229661888785,-21343.889597691636,0.0,0.0,,0.0,0.0,0.0,2325.5859375,753.662109375,0.0,3079.248046875,2325.5859375,1571.923828125,1107.2987053606714,192.40911627897617,0.0,1299.7078216396476,1107.2987053606714,914.8895890816952,20.153530557789765,1.4772003380927714,0.0,21.630730895882536,20.153530557789765,18.676330219696993,2263.5775041790885,177.8121691452443,0.0,2441.3896733243328,2263.5775041790885,2441.3896733243328
33,3.240038166666668,0.0013338390603400863,0.9680106571115193,3.25,3.24,3.2299999999999995,10.497849100583338,-24682.235508172304,0.0,0.0,,0.0,0.0,0.0,2497.8515625,678.2958984375,0.0,3176.1474609375,2497.8515625,1819.5556640625,1132.474080956117,182.18885853327924,0.0,1314.6629394893962,1132.474080956117,950.2852224228377,16.18112906931409,1.9098005188504086,-2.868921822218536e-15,18.090929588164496,16.18112906931409,14.271328550463679,2318.2352311242876,145.7804048250348,4.734599331874222e-15,2464.0156359493226,2318.2352311242876,2464.0156359493226
34,2.843031666666668,1.0058615637283848,-2.250701158809628,3.25,3.24,0.0,9.09458654305556,-21247.237967757912,0.0,0.0,,0.0,0.0,0.0,2567.83447265625,780.57861328125,0.0,3348.4130859375,2567.83447265625,1787.255859375,1177.3857809330239,218.55053074971784,0.0,1395.9363116827417,1177.3857809330239,958.835250183306,17.796920053040424,3.5354046269639223,-1.5275535054769109e-15,21.332324680004344,17.796920053040424,14.2615154260765,2330.4934184158055,166.25300486228457,-4.053420086132537e-15,2496.74642327809,2330.4934184158055,2496.74642327809
35,2.7930125952380966,1.0643722193978133,-2.055786840092027,3.26,3.24,0.0,8.93380757858447,-20871.76656509297,0.0,0.0,,0.0,0.0,0.0,2460.16845703125,726.74560546875,0.0,3186.9140625,2460.16845703125,1733.4228515625,1140.032695039151,175.39255799585231,-1.0356616486227919e-15,1315.4252530350032,1140.032695039151,964.6401370432985,16.41210224502155,2.013094436548263,-2.7217471675262713e-15,18.425196681569812,16.41210224502155,14.399007808473286,2326.233569630884,138.34869355056162,0.0,2464.582263181446,2326.233569630884,2464.582263181446
36,3.1067418333333343,0.6223563002724894,-4.532123710008386,3.26,3.24,0.0,10.039172183472227,-23579.42950385373,0.0,0.0,,0.0,0.0,0.0,2158.70361328125,1028.21044921875,0.0,3186.9140625,2158.70361328125,1130.4931640625,1050.3813946494874,265.74097380846763,-1.389576929115159e-15,1316.122368457955,1050.3813946494874,784.6404208410197,20.386126013919355,6.1183342989632585,0.0,26.504460312882614,20.386126013919355,14.267791714956097,2230.30482054764,234.67574242194416,-1.441204217343278e-15,2464.980562969584,2230.30482054764,2464.980562969584
37,1.7696269761904766,1.5065010071169906,-0.23533856697230354,3.26,2.62,0.0,5.401124919305557,-12172.806203164379,0.0,0.0,,0.0,0.0,0.0,791.34521484375,134.58251953125,0.0,925.927734375,791.34521484375,656.7626953125,674.3796558270171,57.14823233890985,-3.0407194913561986e-15,731.5278881659269,674.3796558270171,617.2314234881072,15.00324501872544,1.5068413763996693,1.817170365967534e-15,16.51008639512511,15.00324501872544,13.496403642325772,1861.0423596579312,73.57656677217494,4.676399107495624e-15,1934.6189264301063,1861.0423596579312,1934.6189264301063
38,1.6518768095238094,0.24264852344866292,0.9600747854187535,2.11,1.5,1.41,2.787575299774377,-2980.011978174086,0.0,0.0,,0.0,0.0,0.0,2707.80029296875,715.97900390625,0.0,3423.779296875,2707.80029296875,1991.8212890625,1200.2657643641628,192.6093972613013,1.7595494716232496e-15,1392.8751616254642,1200.2657643641628,1007.6563671028616,15.966118666928823,3.0737792675013775,0.0,19.0398979344302,15.966118666928823,12.892339399427446,2366.821555914037,146.45011058864634,4.669942963283238e-15,2513.2716665026837,2366.821555914037,2513.2716665026837
39,1.500925642857143,0.00273549295293893,2.784272522070882,1.5100000000000002,1.5,1.5,2.2527852683078233,-1829.6536273604702,0.0,0.0,,0.0,0.0,0.0,2503.23486328125,683.67919921875,0.0,3186.9140625,2503.23486328125,1819.5556640625,1132.478234042229,181.68807830049138,-1.86338279736203e-15,1314.1663123427202,1132.478234042229,950.7901557417374,16.172998966104327,1.8985779627449046,1.3627124039411153e-15,18.071576928849233,16.172998966104327,14.274421003359423,2318.125956693544,145.36290941625384,0.0,2463.488866109798,2318.125956693544,2463.488866109798
40,1.6908605773809522,0.08008062816544423,0.17659200768436362,1.81,1.6555,1.5,2.86542239914842,-3029.323172881874,0.0,0.0,,0.0,0.0,0.0,2422.4853515625,581.396484375,0.0,3003.8818359375,2422.4853515625,1841.0888671875,1108.185521081712,156.1222414339653,2.1414791470589546e-15,1264.3077625156775,1108.185521081712,952.0632796477469,16.58201204960255,1.6206077530560599,0.0,18.20261980265861,16.58201204960255,14.96140429654649,2301.216868191863,127.88493530601295,5.343467986110532e-15,2429.101803497876,2301.216868191863,2429.101803497876
41,1.9974083214285714,0.1314499517243471,-0.2799923319913811,2.15,2.0,1.8,4.0069190923204365,-5595.980838345604,0.0,0.0,,0.0,0.0,0.0,2487.0849609375,645.99609375,0.0,3133.0810546875,2487.0849609375,1841.0888671875,1127.1764730413543,171.1671905808043,9.285569969066845e-16,1298.3436636221586,1127.1764730413543,956.00928246055,16.574660237654133,2.032716101884567,0.0,18.6073763395387,16.574660237654133,14.541944135769565,2315.6638474825572,137.26647075265555,0.0,2452.930318235213,2315.6638474825572,2452.930318235213
42,2.2374748809523806,0.10724554848727899,0.9658302757324857,2.49,2.15,2.14,5.0177954505632085,-8116.989361490119,0.0,0.0,,0.0,0.0,0.0,2562.451171875,613.6962890625,0.0,3176.1474609375,2562.451171875,1948.7548828125,1146.625303318615,166.11218850809075,-2.0318686516645437e-15,1312.7374918267055,1146.625303318615,980.513114810524,16.073504256014814,1.6255044706354997,-3.2052906017090983e-15,17.699008726650312,16.073504256014814,14.447999785379313,2331.1425341569375,131.33372287055045,0.0,2462.476257027488,2331.1425341569375,2462.476257027488
43,2.4889553571428578,0.0029587919904105003,-2.194645210256891,2.5,2.49,2.48,6.194907524300172,-11297.841247704178,0.0,0.0,,0.0,0.0,0.0,2497.8515625,678.2958984375,0.0,3176.1474609375,2497.8515625,1819.5556640625,1131.6952584460998,180.99244825976274,9.424753848409638e-16,1312.6877067058626,1131.6952584460998,950.7028101863372,16.178238934443165,1.909477949095681,0.0,18.087716883538846,16.178238934443165,14.268760985347484,2316.916514442685,144.56315142669087,4.778141500687305e-15,2461.4796658693763,2316.916514442685,2461.4796658693763
44,2.488767523809525,0.0033067283760974966,-1.8573119003582008,2.5,2.49,2.48,6.193974722021543,-11295.211695643735,0.0,0.0,,0.0,0.0,0.0,2503.23486328125,683.67919921875,0.0,3186.9140625,2503.23486328125,1819.5556640625,1133.6556696165765,181.7935549442907,0.0,1315.4492245608672,1133.6556696165765,951.8621146722858,16.179943466968187,1.9129965378874623,0.0,18.09294000485565,16.179943466968187,14.266946929080724,2320.523440872759,145.89973665647403,0.0,2466.423177529233,2320.523440872759,2466.423177529233
45,2.4887594285714294,0.00310582540797981,-2.1299855347219863,2.5,2.49,2.48,6.193933139454651,-11295.091708502652,0.0,0.0,,0.0,0.0,0.0,2503.23486328125,683.67919921875,0.0,3186.9140625,2503.23486328125,1819.5556640625,1133.4862098147667,182.05185815778418,0.0,1315.5380679725508,1133.4862098147667,951.4343516569825,16.18696794218623,1.918809403686808,0.0,18.105777345873037,16.18696794218623,14.26815853849942,2319.2640962555724,145.5534656112252,4.605770805099754e-15,2464.817561866798,2319.2640962555724,2464.817561866798
46,2.4888471666666674,0.0030228578779030175,-2.2680602663765823,2.5,2.49,2.48,6.1943693566944455,-11296.322397250337,0.0,0.0,,0.0,0.0,0.0,2503.23486328125,683.67919921875,0.0,3186.9140625,2503.23486328125,1819.5556640625,1133.1870791038782,181.93706438230754,-1.933065608416046e-15,1315.1241434861856,1133.1870791038782,951.2500147215706,16.181373208752802,1.9180192379257885,2.706324069566348e-15,18.099392446678593,16.181373208752802,14.263353970827016,2318.901710486927,145.39906007709328,-4.620459592825801e-15,2464.3007705640202,2318.901710486927,2464.3007705640202
47,1.5809156904761907,1.0266870628132152,-0.41909276004714907,2.49,2.48,0.0,3.553380745341838,-6055.356319420459,0.0,0.0,,0.0,0.0,0.0,2379.4189453125,839.794921875,0.0,3219.2138671875,2379.4189453125,1539.6240234375,1115.2407013285201,210.6556112039516,0.0,1325.8963125324717,1115.2407013285201,904.5850901245685,18.824956314508448,3.7956534137834925,1.4942676539580267e-15,22.620609728291942,18.824956314508448,15.029302900724957,2297.6551993056773,173.45772372282204,-3.925923947998313e-15,2471.112923028499,2297.6551993056773,2471.112923028499
48,1.918018761904762,0.2803979610393421,-0.35564955873364584,2.36,2.01,1.47,3.757418987573696,-5126.9635020880305,0.0,0.0,,0.0,0.0,0.0,2465.5517578125,516.796875,0.0,2982.3486328125,2465.5517578125,1948.7548828125,1120.49121253777,137.86595758195654,0.0,1258.3571701197266,1120.49121253777,982.6252549558135,16.88691883557799,1.7357720582433664,0.0,18.622690893821357,16.88691883557799,15.151146777334624,2313.2726064407093,111.25346462674088,0.0,2424.52607106745,2313.2726064407093,2424.52607106745
49,2.4105842380952383,0.055008152027048146,-0.11254541557074754,2.47,2.4300000000000006,2.34,5.813942265742631,-10240.088987594969,0.0,0.0,,0.0,0.0,0.0,2503.23486328125,662.14599609375,0.0,3165.380859375,2503.23486328125,1841.0888671875,1132.0738778234074,180.13798557755234,9.559506544720447e-16,1312.2118634009598,1132.0738778234074,951.9358922458551,16.227462732542243,1.866031989355335,0.0,18.093494721897578,16.227462732542243,14.361430743186908,2317.7348358822906,144.65581905302452,0.0,2462.390654935315,2317.7348358822906,2462.390654935315
50,2.4653081309523808,0.004477150975200023,-0.1291175299293888,2.47,2.466,2.46,6.077764225420776,-10968.197691061261,0.0,0.0,,0.0,0.0,0.0,2503.23486328125,662.14599609375,0.0,3165.380859375,2503.23486328125,1841.0888671875,1132.2310622731684,180.77223390409011,8.670969227320635e-16,1313.0032961772586,1132.2310622731684,951.4588283690783,16.179497638187016,1.907974581085318,2.8132293779929027e-15,18.087472219272335,16.179497638187016,14.2715230571017,2317.8578161985733,145.19353097116596,4.716176253363308e-15,2463.0513471697395,2317.8578161985733,2463.0513471697395
51,2.4654426249999997,0.0045878948956333205,-0.1739914215492452,2.47,2.466666666666667,2.46,6.078428385946463,-10970.06246285139,0.0,0.0,,0.0,0.0,0.0,2508.6181640625,667.529296875,0.0,3176.1474609375,2508.6181640625,1841.0888671875,1132.1751575796545,180.38609004473165,0.0,1312.5612476243862,1132.1751575796545,951.7890675349229,16.180662243472973,1.9098104772053954,2.80512412308011e-15,18.09047272067837,16.180662243472973,14.27085176626758,2317.416204864232,143.8830365745075,0.0,2461.2992414387395,2317.416204864232,2461.2992414387395
52,2.4656124047619046,0.004562336019418413,-0.23999839103695955,2.47,2.4675000000000002,2.46,6.079265345425736,-10972.409510009822,0.0,0.0,,0.0,0.0,0.0,2519.384765625,678.2958984375,0.0,3197.6806640625,2519.384765625,1841.0888671875,1135.573845231998,181.72925380312603,9.310582451949152e-16,1317.303099035124,1135.573845231998,953.8445914288719,16.17120687726338,1.8990116066043061,-2.7884047852184344e-15,18.070218483867684,16.17120687726338,14.272195270659072,2321.4691522315875,145.26816762910494,0.0,2466.7373198606924,2321.4691522315875,2466.7373198606924
53,2.4652546428571434,0.0046053043873958985,-0.10943238536176451,2.47,2.466666666666667,2.46,6.077501662957198,-10967.463632491854,0.0,0.0,,0.0,0.0,0.0,2503.23486328125,662.14599609375,0.0,3165.380859375,2503.23486328125,1841.0888671875,1134.1427970745924,180.3281795151218,-9.529290913892397e-16,1314.4709765897142,1134.1427970745924,953.8146175594705,16.189646113950985,1.9205618190599427,-2.7582779346567373e-15,18.110207933010926,16.189646113950985,14.26908429489104,2320.4431971303857,144.513621515762,4.705910031064258e-15,2464.956818646148,2320.4431971303857,2464.956818646148
54,2.4657318809523807,0.004656071206614734,-0.3349504672840909,2.47,2.4683333333333333,2.45,6.079855387744047,-10974.066264010533,0.0,0.0,,0.0,0.0,0.0,2514.00146484375,672.91259765625,0.0,3186.9140625,2514.00146484375,1841.0888671875,1136.0601861064533,181.49355821949428,1.869380596887088e-15,1317.5537443259477,1136.0601861064533,954.5666278869592,16.18296565779099,1.9112047330606323,0.0,18.094170390851623,16.18296565779099,14.271760924730359,2322.521322078025,145.52243551906508,-4.759823230900488e-15,2468.04375759709,2322.521322078025,2468.04375759709
55,2.4657872857142857,0.004609972315842634,-0.32058967017833245,2.47,2.4683333333333333,2.46,6.080128190234976,-10974.830622254656,0.0,0.0,,0.0,0.0,0.0,2514.00146484375,672.91259765625,0.0,3186.9140625,2514.00146484375,1841.0888671875,1134.9715500847606,181.5177005601106,0.0,1316.4892506448712,1134.9715500847606,953.45384952465,16.185615906849833,1.9178273377007304,-2.7700932093174734e-15,18.10344324455056,16.185615906849833,14.2677885691491,2320.0928743667764,145.15453638164377,-4.796106842124245e-15,2465.24741074842,2320.0928743667764,2465.24741074842
56,1.381468345238095,0.946179131828511,-0.10442650488066194,2.47,1.4689999999999999,0.0,2.8037097384026355,-4310.659409615882,0.0,0.0,,0.0,0.0,0.0,2729.33349609375,554.47998046875,0.0,3283.8134765625,2729.33349609375,2174.853515625,1207.2012968651559,144.84406739231963,0.0,1352.0453642574755,1207.2012968651559,1062.3572294728363,17.563621368991875,0.5964864766623332,-8.958576449127374e-15,18.160107845654206,17.563621368991875,16.96713489232954,2372.017237324022,112.33836350876481,0.0,2484.355600832787,2372.017237324022,2484.355600832787
57,2.523462220238095,0.13490413000286294,-3.106685365111038,2.59,2.58,2.01,6.386060701260807,-11874.752464241565,0.0,0.0,,0.0,0.0,0.0,2228.6865234375,559.86328125,0.0,2788.5498046875,2228.6865234375,1668.8232421875,1057.9144575770829,146.80903565780363,0.0,1204.7234932348865,1057.9144575770829,911.1054219192793,17.264461107335073,1.1971304347939835,0.0,18.461591542129057,17.264461107335073,16.06733067254109,2259.8374516065414,125.19003920156092,0.0,2385.0274908081024,2259.8374516065414,2385.0274908081024
58,2.579248309523809,0.0026655366397152864,-2.4423063497083235,2.59,2.58,2.57,6.652528947267008,-12606.537095932226,0.0,0.0,,0.0,0.0,0.0,2497.8515625,678.2958984375,0.0,3176.1474609375,2497.8515625,1819.5556640625,1132.9551810427674,182.04081756532256,-1.85257178003559e-15,1314.9959986080898,1132.9551810427674,950.9143634774448,16.172269986681442,1.9051781105356316,-2.825635566580221e-15,18.077448097217072,16.172269986681442,14.267091876145809,2318.597991381522,145.6174365560505,0.0,2464.2154279375727,2318.597991381522,2464.2154279375727
59,2.5791951190476183,0.002954759120427731,-1.649309401861838,2.59,2.58,2.57,6.652256192720523,-12605.750729893902,0.0,0.0,,0.0,0.0,0.0,2497.8515625,678.2958984375,0.0,3176.1474609375,2497.8515625,1819.5556640625,1133.0835461316742,181.82679010893332,1.7816580505589003e-15,1314.9103362406076,1133.0835461316742,951.256756022741,16.1782442798235,1.9078213700621944,0.0,18.086065649885693,16.1782442798235,14.270422909761304,2318.7250339248153,145.45690008946212,0.0,2464.1819340142774,2318.7250339248153,2464.1819340142774
60,2.5790312380952374,0.0028875947291350005,-2.313058672835718,2.59,2.58,2.57,6.651410465274378,-12603.301651657339,0.0,0.0,,0.0,0.0,0.0,2503.23486328125,683.67919921875,0.0,3186.9140625,2503.23486328125,1819.5556640625,1132.3131853895284,182.85580305989757,-1.8279113668569737e-15,1315.1689884494258,1132.3131853895284,949.4573823296307,16.18316340416392,1.9051598614049077,0.0,18.088323265568828,16.18316340416392,14.278003542759013,2317.959274128959,146.37658233670595,-4.602746110832097e-15,2464.3358564656646,2317.959274128959,2464.3358564656646
61,2.5793671428571425,0.002902519587298036,-1.572402467130074,2.59,2.58,2.57,6.6531432822709755,-12608.318263417501,0.0,0.0,,0.0,0.0,0.0,2497.8515625,678.2958984375,0.0,3176.1474609375,2497.8515625,1819.5556640625,1133.1698554239022,181.7513450040501,0.0,1314.9212004279523,1133.1698554239022,951.418510419852,16.173080216611126,1.908647102507473,0.0,18.0817273191186,16.173080216611126,14.264433114103653,2318.811197966325,145.3622305013596,0.0,2464.1734284676845,2318.811197966325,2464.1734284676845
62,1.5164637499999996,1.0144058863530474,-0.31475562609948493,2.580000000000001,1.5899999999999999,0.0,3.328681607331775,-5534.613577693989,0.0,0.0,,0.0,0.0,0.0,2858.53271484375,457.58056640625,0.0,3316.11328125,2858.53271484375,2400.9521484375,1243.7475011388478,116.65646490152733,3.006544005762383e-15,1360.4039660403753,1243.7475011388478,1127.0910362373206,17.955997049332275,1.4747958924332014,-3.6687687405201994e-15,19.430792941765475,17.955997049332275,16.481201156899072,2407.800151571686,83.84580509032935,8.097481831124009e-15,2491.6459566620156,2407.800151571686,2491.6459566620156
63,2.4652388928571427,0.004630221703144188,-0.08968431565620016,2.47,2.466,2.46,6.077424237808531,-10967.246947631853,0.0,0.0,,0.0,0.0,0.0,2503.23486328125,662.14599609375,0.0,3165.380859375,2503.23486328125,1841.0888671875,1132.3412011741034,180.62190770833962,9.482876742036614e-16,1312.963108882443,1132.3412011741034,951.7192934657638,16.185186662413145,1.9150715817357078,2.7188399429054795e-15,18.100258244148854,16.185186662413145,14.270115080677439,2318.2094276927573,144.71846773242783,4.68595492750939e-15,2462.9278954251854,2318.2094276927573,2462.9278954251854
64,2.4655856309523805,0.004628987460344062,-0.23128956228194494,2.47,2.468,2.46,6.079133931083757,-10972.042134650654,0.0,0.0,,0.0,0.0,0.0,2508.6181640625,667.529296875,0.0,3176.1474609375,2508.6181640625,1841.0888671875,1134.2806148455568,182.31154361897944,-9.221655114788258e-16,1316.5921584645362,1134.2806148455568,951.9690712265773,16.178525552610047,1.907048470215118,-2.7532996693654605e-15,18.085574022825163,16.178525552610047,14.271477082394927,2319.173450726793,146.07986051746025,4.630850830993662e-15,2465.2533112442534,2319.173450726793,2465.2533112442534
65,2.465502178571429,0.004436969212466571,-0.12583551238315677,2.48,2.466666666666667,2.46,6.078720679236252,-10970.879555772433,0.0,0.0,,0.0,0.0,0.0,2503.23486328125,662.14599609375,0.0,3165.380859375,2503.23486328125,1841.0888671875,1132.9216322214695,180.0515524028171,8.775506837791661e-16,1312.9731846242867,1132.9216322214695,952.8700798186525,16.173549487851297,1.9096020974157302,-2.8060425263900972e-15,18.083151585267025,16.173549487851297,14.263947390435565,2317.8994973638787,143.10939093973548,0.0,2461.008888303614,2317.8994973638787,2461.008888303614
66,2.4653421904761905,0.004355563310882182,-0.13938160809385616,2.47,2.466,2.46,6.077931087073695,-10968.66353182627,0.0,0.0,,0.0,0.0,0.0,2519.384765625,678.2958984375,0.0,3197.6806640625,2519.384765625,1841.0888671875,1134.4379489631083,182.26880602030758,-1.9225298743573502e-15,1316.7067549834157,1134.4379489631083,952.1691429428006,16.17850287670494,1.9000011495599427,-2.7840503517779417e-15,18.07850402626488,16.17850287670494,14.278501727144995,2319.5233430123762,145.96776981499374,4.641527311779614e-15,2465.49111282737,2319.5233430123762,2465.49111282737
67,1.4219900238095238,1.0007266708579348,-0.27182979938389845,2.47,1.4,0.0,3.023509497580215,-4808.856344917722,0.0,0.0,,0.0,0.0,0.0,2653.96728515625,586.77978515625,0.0,3240.7470703125,2653.96728515625,2067.1875,1203.8614032531607,137.70274645151744,0.0,1341.5641497046781,1203.8614032531607,1066.1586568016432,17.967340225143246,1.6822099581203052,-3.171820046472172e-15,19.64955018326355,17.967340225143246,16.28513026702294,2369.785203053628,107.76803397722256,6.324834641126367e-15,2477.5532370308506,2369.785203053628,2477.5532370308506
68,2.4740650476190478,0.06877600485370738,-3.4531552095280293,2.5100000000000002,2.5,2.16,6.125727998693877,-11112.014139467661,0.0,0.0,,0.0,0.0,0.0,2282.51953125,592.1630859375,0.0,2874.6826171875,2282.51953125,1690.3564453125,1074.2335906729172,156.7020671697942,0.0,1230.9356578427114,1074.2335906729172,917.531523503123,16.900414301700746,1.5398598904209875,1.7635777173315513e-15,18.440274192121734,16.900414301700746,15.36055441127976,2264.384445959294,127.218815867981,0.0,2391.603261827275,2264.384445959294,2391.603261827275
69,2.465468803571429,0.004588000889103257,-0.18626350811645664,2.47,2.4675000000000002,2.46,6.078557471136089,-10970.424517038082,0.0,0.0,,0.0,0.0,0.0,2508.6181640625,667.529296875,0.0,3176.1474609375,2508.6181640625,1841.0888671875,1132.6278454151561,180.25173486298638,1.9082840312090528e-15,1312.8795802781426,1132.6278454151561,952.3761105521698,16.179989027469677,1.910705267652947,0.0,18.090694295122624,16.179989027469677,14.26928375981673,2318.3986468735784,144.35876460239433,0.0,2462.7574114759727,2318.3986468735784,2462.7574114759727
70,2.4655314880952384,0.004557064221826893,-0.21403092580956237,2.47,2.4675000000000002,2.46,6.07886628562344,-10971.290111244934,0.0,0.0,,0.0,0.0,0.0,2514.00146484375,672.91259765625,0.0,3186.9140625,2514.00146484375,1841.0888671875,1135.5131648214565,181.62867867738407,-1.8652115906780203e-15,1317.1418434988404,1135.5131648214565,953.8844861440723,16.18673312897804,1.9224464274089446,-2.812677870617891e-15,18.109179556386984,16.18673312897804,14.264286701569095,2320.9700083541493,145.13400989547358,-4.645820117217494e-15,2466.1040182496226,2320.9700083541493,2466.1040182496226
71,2.5606999761904756,0.04105578284328185,-1.8691367931402465,2.580000000000001,2.58,2.46,6.558869945366782,-12339.379703112147,0.0,0.0,,0.0,0.0,0.0,2476.318359375,678.2958984375,0.0,3154.6142578125,2476.318359375,1798.0224609375,1124.5257353503348,179.5182205155304,0.0,1304.0439558658652,1124.5257353503348,945.0075148348044,16.209068150193616,1.7460346702364884,3.086834575077809e-15,17.955102820430106,16.209068150193616,14.46303347995713,2312.011075812332,144.51482472899102,4.860080767846931e-15,2456.525900541323,2312.011075812332,2456.525900541323
72,2.280244797619047,0.8131456695661883,-2.3881907033647027,2.580000000000001,2.58,0.0,5.8607222170029765,-11083.450253292194,0.0,0.0,,0.0,0.0,0.0,2142.5537109375,1033.59375,0.0,3176.1474609375,2142.5537109375,1108.9599609375,1049.3311041510196,266.11505971717406,0.0,1315.4461638681937,1049.3311041510196,783.2160444338456,18.056971903933153,3.8647384877016453,-1.4155581274388053e-15,21.921710391634797,18.056971903933153,14.192233416231506,2227.1765911774123,237.37688240658497,1.4621911791107163e-15,2464.5534735839974,2227.1765911774123,2464.5534735839974
73,2.0221704999999996,0.837739676991232,-1.2086491151037455,2.59,2.58,0.0,4.790981297475624,-8512.742002655119,0.0,0.0,,0.0,0.0,0.0,1248.92578125,419.8974609375,0.0,1668.8232421875,1248.92578125,829.0283203125,753.3878080387365,159.3506992462223,1.0932810464887343e-15,912.7385072849588,753.3878080387365,594.0371087925142,20.1378430494748,1.6907572139236784,0.0,21.828600263398478,20.1378430494748,18.44708583555112,1903.8221277450602,225.86323431547783,-1.4549095902764605e-15,2129.685362060538,1903.8221277450602,2129.685362060538
74,2.581411523809524,0.003440531705269645,1.2688978313395676,2.59,2.58,2.57,6.663697292515024,-12638.888281929376,0.0,0.0,,0.0,0.0,0.0,2497.8515625,678.2958984375,0.0,3176.1474609375,2497.8515625,1819.5556640625,1132.6310578376115,181.6797992001683,1.8636375505521262e-15,1314.31085703778,1132.6310578376115,950.9512586374433,16.167552124063953,1.8983889489761818,-2.7911494140905804e-15,18.065941073040133,16.167552124063953,14.269163175087769,2318.3445933032162,145.37944984750766,0.0,2463.724043150724,2318.3445933032162,2463.724043150724
75,2.581632976190476,0.0034449603974534004,1.4979517322611475,2.59,2.58,2.57,6.664840691506237,-12642.200498155918,0.0,0.0,,0.0,0.0,0.0,2503.23486328125,672.91259765625,0.0,3176.1474609375,2503.23486328125,1830.322265625,1132.4711405154972,181.49813849052606,9.346195369432477e-16,1313.9692790060233,1132.4711405154972,950.9730020249712,16.179420559611835,1.9062149095266125,-2.8210274456170554e-15,18.085635469138445,16.179420559611835,14.27320565008522,2317.4835814018743,145.60835276995817,-4.751402498257058e-15,2463.0919341718322,2317.4835814018743,2463.0919341718322
76,2.581610559523809,0.003600801919829007,1.2830320072916108,2.59,2.58,2.57,6.664726046819305,-12641.870586826702,0.0,0.0,,0.0,0.0,0.0,2508.6181640625,667.529296875,0.0,3176.1474609375,2508.6181640625,1841.0888671875,1133.3999012681807,180.74376888711402,-1.8927418035128538e-15,1314.1436701552946,1133.3999012681807,952.6561323810665,16.183200646957303,1.914487230565884,-2.7846170351200643e-15,18.097687877523185,16.183200646957303,14.268713416391417,2319.3332137555326,144.24021275066775,4.655135494465202e-15,2463.5734265062006,2319.3332137555326,2463.5734265062006
77,2.1514442976190473,0.9465622880172049,-1.7705863029318438,2.59,2.58,0.0,5.524692730853884,-10450.98872267538,0.0,0.0,,0.0,0.0,0.0,2234.06982421875,963.61083984375,0.0,3197.6806640625,2234.06982421875,1270.458984375,1075.1300125532234,244.62787090948746,0.0,1319.7578834627109,1075.1300125532234,830.502141643736,17.187701892695586,2.7385064023335772,0.0,19.926208295029163,17.187701892695586,14.449195490362008,2255.874287204587,213.88992360048906,0.0,2469.764210805076,2255.874287204587,2469.764210805076
78,2.0630150833333336,0.5456383253956312,-1.0582406138436151,2.48,2.4300000000000006,0.79,4.553752416201389,-7420.661991207879,0.0,0.0,,0.0,0.0,0.0,1738.80615234375,48.44970703125,0.0,1787.255859375,1738.80615234375,1690.3564453125,930.4176729114891,11.87556084751634,0.0,942.2932337590055,930.4176729114891,918.5421120639728,20.53742496974087,2.223090486811273,0.0,22.76051545655214,20.53742496974087,18.314334482929596,2152.6446241898416,10.341260106139089,0.0,2162.9858842959807,2152.6446241898416,2162.9858842959807
79,2.4690155476190476,0.002892110876798562,-2.2996853640892727,2.48,2.47,2.46,6.09604613868991,-11019.475915113777,0.0,0.0,,0.0,0.0,0.0,2508.6181640625,667.529296875,0.0,3176.1474609375,2508.6181640625,1841.0888671875,1133.1963163950622,181.7313887552608,1.784465410944925e-15,1314.9277051503232,1133.1963163950622,951.4649276398015,16.179484656848558,1.913636543858372,-2.851703490260457e-15,18.09312120070693,16.179484656848558,14.265848112990184,2318.79210384368,145.39092565025157,0.0,2464.1830294939314,2318.79210384368,2464.1830294939314
80,2.469089,0.0027007038383026396,-2.8415600414706215,2.47,2.47,2.46,6.0964077837222215,-11020.48915394214,0.0,0.0,,0.0,0.0,0.0,2497.8515625,678.2958984375,0.0,3176.1474609375,2497.8515625,1819.5556640625,1132.9450321696925,181.98978431663062,8.498099049297216e-16,1314.9348164863231,1132.9450321696925,950.9552478530619,16.18602852075685,1.9195544982405828,0.0,18.105583018997432,16.18602852075685,14.266474022516267,2318.6535219547604,145.54113370561777,4.6069416646789616e-15,2464.1946556603784,2318.6535219547604,2464.1946556603784
81,2.468889214285714,0.0030104727059493087,-2.3305774225355083,2.48,2.47,2.46,6.095423015362245,-11017.727835871656,0.0,0.0,,0.0,0.0,0.0,2503.23486328125,683.67919921875,0.0,3186.9140625,2503.23486328125,1819.5556640625,1133.2128549920421,182.00248572349426,1.8537425461150537e-15,1315.2153407155365,1133.2128549920421,951.210369268548,16.172343151505924,1.9000523038091792,0.0,18.072395455315103,16.172343151505924,14.272290847696745,2318.6960817225035,145.70302110825446,-4.666874882791298e-15,2464.399102830758,2318.6960817225035,2464.399102830758
82,2.468520571428571,0.0033433280010267516,-1.9771257000109268,2.47,2.47,2.46,6.0936049894081625,-11012.628156775128,0.0,0.0,,0.0,0.0,0.0,2514.00146484375,672.91259765625,0.0,3186.9140625,2514.00146484375,1841.0888671875,1133.5614970578588,181.63121580002849,0.0,1315.1927128578873,1133.5614970578588,951.9302812578303,16.175171392031213,1.90005280349477,0.0,18.075224195525983,16.175171392031213,14.275118588536444,2319.1672366816583,145.19931244518034,4.791671189562749e-15,2464.366549126839,2319.1672366816583,2464.366549126839
83,2.469125333333333,0.002666989542953353,-2.177711291619889,2.48,2.47,2.46,6.096587024541666,-11020.992052998066,0.0,0.0,,0.0,0.0,0.0,2497.8515625,678.2958984375,0.0,3176.1474609375,2497.8515625,1819.5556640625,1133.1288220095075,181.98868818116364,-1.7769073628299896e-15,1315.117510190671,1133.1288220095075,951.1401338283438,16.176497250236626,1.905820580227651,0.0,18.082317830464277,16.176497250236626,14.270676670008974,2318.8094849565587,145.58744035821587,-4.602547105645793e-15,2464.3969253147743,2318.8094849565587,2464.3969253147743
84,1.6240333333333332,1.0934942888066577,-0.5929509221741883,2.48,2.47,0.0,3.8332140274305555,-6751.030530676833,0.0,0.0,,0.0,0.0,0.0,2266.36962890625,920.54443359375,0.0,3186.9140625,2266.36962890625,1345.8251953125,1097.9783699113325,221.67234618688855,-7.694990461945737e-16,1319.650716098221,1097.9783699113325,876.3060237244439,16.04598296394395,1.3005312332029426,0.0,17.34651419714689,16.04598296394395,14.745451730741006,2275.8973801132843,190.44319046511305,-3.5731369204495214e-15,2466.340570578397,2275.8973801132843,2466.340570578397
85,2.33664519047619,0.31891631245071694,-2.3015583238633197,2.48,2.47,0.98,5.561618360522676,-9721.540797463353,0.0,0.0,,0.0,0.0,0.0,1383.50830078125,102.28271484375,0.0,1485.791015625,1383.50830078125,1281.2255859375,858.3015168753908,7.85357255551844,0.0,866.1550894309092,858.3015168753908,850.4479443198724,19.130577115446613,0.5891370124119035,0.0,19.719714127858516,19.130577115446613,18.54144010303471,2073.4230696310533,14.251252689050261,4.791934743897039e-14,2087.674322320104,2073.4230696310533,2087.674322320104
86,2.4689496666666666,0.0028336901540022535,-2.5537780646424877,2.47,2.47,2.46,6.095720486333334,-11018.560939425539,0.0,0.0,,0.0,0.0,0.0,2508.6181640625,667.529296875,0.0,3176.1474609375,2508.6181640625,1841.0888671875,1133.4015794585625,181.7736648344404,1.8607519641718295e-15,1315.175244293003,1133.4015794585625,951.6279146241222,16.184086666378093,1.9091958586055089,-2.7440197054904877e-15,18.0932825249836,16.184086666378093,14.274890807772582,2319.011816620973,145.32205217030423,0.0,2464.3338687912774,2319.011816620973,2464.3338687912774
87,2.468805452380952,0.002977771937828567,-2.316923700414033,2.47,2.47,2.46,6.095009228831632,-11016.565737452127,0.0,0.0,,0.0,0.0,0.0,2497.8515625,678.2958984375,0.0,3176.1474609375,2497.8515625,1819.5556640625,1133.2591580518565,181.9065793752511,0.0,1315.1657374271076,1133.2591580518565,951.3525786766054,16.176969487835187,1.896686010256845,2.7986742631372566e-15,18.073655498092034,16.176969487835187,14.280283477578344,2318.8800691600436,145.46311326022123,0.0,2464.343182420265,2318.8800691600436,2464.343182420265
88,2.468796345238095,0.0031111845532082794,-2.326145661324998,2.47,2.47,2.46,6.0949650737303,-11016.443395764672,0.0,0.0,,0.0,0.0,0.0,2508.6181640625,678.2958984375,0.0,3186.9140625,2508.6181640625,1830.322265625,1133.4434473732858,181.74683263001418,-1.8615762225294123e-15,1315.1902800033,1133.4434473732858,951.6966147432715,16.174622837638715,1.9018754811305687,-2.775827270063192e-15,18.076498318769282,16.174622837638715,14.272747356508145,2318.976691292476,145.38821244879023,4.697256082726731e-15,2464.3649037412665,2318.976691292476,2464.3649037412665
89,2.4687689047619044,0.003109498975690307,-2.2923196841716407,2.47,2.47,2.46,6.094829574103175,-11016.062966411335,0.0,0.0,,0.0,0.0,0.0,2497.8515625,678.2958984375,0.0,3176.1474609375,2497.8515625,1819.5556640625,1133.2552461672049,181.85891620597874,-1.858136354626615e-15,1315.1141623731835,1133.2552461672049,951.396329961226,16.187705491794617,1.9218509046096148,-2.690169219631187e-15,18.10955639640423,16.187705491794617,14.265854587185,2318.872323218647,145.42741192130234,0.0,2464.2997351399495,2318.872323218647,2464.2997351399495
90,2.4684872738095236,0.00337657564292897,-1.609347193677971,2.48,2.47,2.46,6.0934408222226475,-11012.167752382999,0.0,0.0,,0.0,0.0,0.0,2508.6181640625,667.529296875,0.0,3176.1474609375,2508.6181640625,1841.0888671875,1133.4164934811777,181.8017123356447,-1.007440900488178e-15,1315.2182058168223,1133.4164934811777,951.6147811455329,16.179816134541262,1.9091334002169145,2.808109705948055e-15,18.08894953475818,16.179816134541262,14.27068273432435,2318.912885538326,145.46300579680474,0.0,2464.3758913351307,2318.912885538326,2464.3758913351307
91,1.7927695833333332,0.9592357737766466,-0.9420771780609878,2.48,2.4683333333333337,0.0,4.134156048618055,-7104.758454257096,0.0,0.0,,0.0,0.0,0.0,2384.80224609375,802.11181640625,0.0,3186.9140625,2384.80224609375,1582.6904296875,1119.929977585619,198.28418740052734,0.0,1318.2141649861464,1119.929977585619,921.6457901850918,18.44600196523775,3.9059092369451243,0.0,22.351911202182873,18.44600196523775,14.540092728292624,2285.4967736919025,179.12901107933453,-3.807765612472223e-15,2464.625784771237,2285.4967736919025,2464.625784771237
92,2.423078440476191,0.0587382811128748,-5.697895172902844,2.47,2.4300000000000006,2.01,5.874759314368623,-10408.799273344568,0.0,0.0,,0.0,0.0,0.0,2223.30322265625,532.94677734375,0.0,2756.25,2223.30322265625,1690.3564453125,1056.3285610578214,139.65952841833996,0.0,1195.9880894761613,1056.3285610578214,916.6690326394814,16.297956714262238,1.579641211528763,0.0,17.877597925791,16.297956714262238,14.718315502733475,2259.44287940864,119.90536854598372,5.672487457680111e-15,2379.3482479546237,2259.44287940864,2379.3482479546237
93,2.4654097738095233,0.004437146392270053,-0.2398137092248724,2.47,2.466,2.45,6.0782650410636325,-10969.601601969218,0.0,0.0,,0.0,0.0,0.0,2497.8515625,678.2958984375,0.0,3176.1474609375,2497.8515625,1819.5556640625,1131.5198713570999,181.10157183818183,0.0,1312.6214431952817,1131.5198713570999,950.418299518918,16.175944259206148,1.8937104064936054,-2.7464950097561312e-15,18.06965466569975,16.175944259206148,14.28223385271254,2316.956507362196,144.61776590416798,4.695750671951831e-15,2461.5742732663643,2316.956507362196,2461.5742732663643
94,2.4655006904761905,0.004501582750063572,-0.19910411905313385,2.47,2.466666666666667,2.46,6.078713918985827,-10970.86174782796,0.0,0.0,,0.0,0.0,0.0,2497.8515625,667.529296875,0.0,3165.380859375,2497.8515625,1830.322265625,1132.5397511010256,180.47403137506063,-9.506206010272603e-16,1313.0137824760861,1132.5397511010256,952.0657197259649,16.187961378367454,1.9227718052870042,2.6863057466291737e-15,18.11073318365446,16.187961378367454,14.265189573080452,2318.7082768479977,144.25294630006988,4.809032938548775e-15,2462.961223148068,2318.7082768479977,2462.961223148068
95,2.4656629523809523,0.004449637406818129,-0.25166830321525613,2.47,2.466666666666667,2.46,6.079513594017006,-10973.103792442678,0.0,0.0,,0.0,0.0,0.0,2514.00146484375,683.67919921875,0.0,3197.6806640625,2514.00146484375,1830.322265625,1134.421017853237,182.88288499093005,0.0,1317.303902844167,1134.421017853237,951.5381328623068,16.173911359070672,1.9028618585175252,0.0,18.076773217588197,16.173911359070672,14.271049500553147,2319.9738731985794,146.83214424775178,0.0,2466.806017446331,2319.9738731985794,2466.806017446331
96,1.965554130952381,0.9396688663155847,-1.382184532812972,2.47,2.46,0.0,4.746380620026786,-8490.399739980448,0.0,0.0,,0.0,0.0,0.0,2207.1533203125,979.7607421875,0.0,3186.9140625,2207.1533203125,1227.392578125,1074.2000517897409,241.8831700933465,0.0,1316.0832218830874,1074.2000517897409,832.3168816963944,16.80086388998117,2.3907279721326624,0.0,19.19159186211383,16.80086388998117,14.410135917848507,2259.684245643669,204.4068622395016,0.0,2464.0911078831705,2259.684245643669,2464.0911078831705
97,2.2938277202380952,0.4397808542211719,-2.5617113302190213,2.47,2.4633333333333334,0.61,5.455052809872201,-9560.70761478319,0.0,0.0,,0.0,0.0,0.0,1195.0927734375,269.1650390625,0.0,1464.2578125,1195.0927734375,925.927734375,778.2740601535043,83.28866209274628,-2.115640073337157e-15,861.5627222462505,778.2740601535043,694.9853980607579,19.74622536314948,0.28129747369990454,0.0,20.027522836849386,19.74622536314948,19.464927889449577,1997.1297242432374,90.27174021638768,-3.798096027209413e-15,2087.401464459625,1997.1297242432374,2087.401464459625
98,2.465662773809524,0.004579642887640623,-0.25982409063943035,2.47,2.468,2.46,6.079513887279052,-10973.106961974843,0.0,0.0,,0.0,0.0,0.0,2519.384765625,678.2958984375,0.0,3197.6806640625,2519.384765625,1841.0888671875,1135.1609416324256,182.47839215186895,9.962748102780603e-16,1317.6393337842946,1135.1609416324256,952.6825494805568,16.17304527397806,1.9105018620777603,-2.8020798152097226e-15,18.08354713605582,16.17304527397806,14.2625434119003,2321.631579125094,146.86795103992017,0.0,2468.499530165014,2321.631579125094,2468.499530165014
99,2.4652949523809524,0.004706359947416855,-0.11597420685578877,2.47,2.4675000000000002,2.46,6.0777013520589565,-10968.025564177304,0.0,0.0,,0.0,0.0,0.0,2503.23486328125,662.14599609375,0.0,3165.380859375,2503.23486328125,1841.0888671875,1133.0788721754498,178.81028825611656,0.0,1311.8891604315663,1133.0788721754498,954.2685839193332,16.175201608101112,1.904734546168756,-2.827610082898006e-15,18.079936154269866,16.175201608101112,14.270467061932354,2318.0084117376773,141.7144568950223,-4.7448846836886645e-15,2459.7228686326994,2318.0084117376773,2459.7228686326994
