,FLOAVG_mean,FLOAVG_std,FLOAVG_skew,FLOAVG_max,FLOAVG_median,FLOAVG_min,FLOAVG_energy,FLOAVG_entropy,FLOAVG_zcr_mean,FLOAVG_zcr_std,FLOAVG_zcr_skew,FLOAVG_zcr_max,FLOAVG_zcr_median,FLOAVG_zcr_min,FLOAVG_spec_roll_off_mean,FLOAVG_spec_roll_off_std,FLOAVG_spec_roll_off_skew,FLOAVG_spec_roll_off_max,FLOAVG_spec_roll_off_median,FLOAVG_spec_roll_off_min,FLOAVG_spec_centroid_mean,FLOAVG_spec_centroid_std,FLOAVG_spec_centroid_skew,FLOAVG_spec_centroid_max,FLOAVG_spec_centroid_median,FLOAVG_spec_centroid_min,FLOAVG_spec_contrast_mean,FLOAVG_spec_contrast_std,FLOAVG_spec_contrast_skew,FLOAVG_spec_contrast_max,FLOAVG_spec_contrast_median,FLOAVG_spec_contrast_min,FLOAVG_spec_bandwidth_mean,FLOAVG_spec_bandwidth_std,FLOAVG_spec_bandwidth_skew,FLOAVG_spec_bandwidth_max,FLOAVG_spec_bandwidth_median,FLOAVG_spec_bandwidth_min
0,3.5384555595238094,1.2727123194221974,-0.4368664993635995,6.13,4.085535714285713,1.12,14.140464394733986,-40358.17804327028,0.0,0.0,,0.0,0.0,0.0,4096.69189453125,5.38330078125,0.0,4102.0751953125,4096.69189453125,4091.30859375,1667.8548644725543,8.998191632707062,3.79184648187544e-14,1676.8530561052614,1667.8548644725543,1658.8566728398473,15.97975777534424,1.7833931938089975,0.0,17.763150969153237,15.97975777534424,14.196364581535242,2631.095788741036,10.790713118333997,6.32465619619262e-14,2641.88650185937,2631.095788741036,2641.88650185937
1,4.494843833333333,0.4117497815095232,0.14358692931904962,5.96,4.491,3.21,20.37315896862783,-61748.26593696108,0.0,0.0,,0.0,0.0,0.0,4059.0087890625,366.064453125,0.0,4425.0732421875,4059.0087890625,3692.9443359375,1646.9374140090904,81.37500699341365,-4.212807721371807e-15,1728.312421002504,1646.9374140090904,1565.5624070156766,16.26607695080415,2.000166208740769,0.0,18.266243159544917,16.26607695080415,14.26591074206338,2619.7897768622634,33.382893386467686,2.053560646469752e-14,2653.1726702487313,2619.7897768622634,2653.1726702487313
2,3.1822828809523807,1.3894681344796358,-0.0965549870162795,5.84,3.8900000000000006,0.67,12.057546031136907,-33571.41229678601,0.0,0.0,,0.0,0.0,0.0,3908.2763671875,139.9658203125,0.0,4048.2421875,3908.2763671875,3768.310546875,1569.7649390093848,60.3464660004729,0.0,1630.1114050098577,1569.7649390093848,1509.4184730089119,15.304083164156749,5.098445398444708,0.0,20.402528562601457,15.304083164156749,10.20563776571204,2557.2884502888733,33.98102533584597,0.0,2591.2694756247192,2557.2884502888733,2591.2694756247192
3,3.5733681071428567,1.4401111831462714,-0.5557467532858169,5.98,4.309999999999999,0.7200000000000001,14.842879848968678,-43602.07984462117,0.0,0.0,,0.0,0.0,0.0,4317.4072265625,10.7666015625,0.0,4328.173828125,4317.4072265625,4306.640625,1666.5584058926947,2.9586467024423655,0.0,1669.517052595137,1666.5584058926947,1663.5997591902524,16.649781963186264,1.7456447493232048,0.0,18.39542671250947,16.649781963186264,14.90413721386306,2647.4456339661074,28.440378370605004,2.4037961921380158e-14,2675.8860123367126,2647.4456339661074,2675.8860123367126
4,4.452134464285715,0.32263418883024575,0.24410507178851712,5.67,4.45,3.5200000000000005,19.925594107882798,-59826.33232090557,0.0,0.0,,0.0,0.0,0.0,4096.69189453125,80.74951171875,0.0,4177.44140625,4096.69189453125,4015.9423828125,1550.6898497990414,22.237301140219643,0.0,1572.927150939261,1550.6898497990414,1528.4525486588218,16.667339560911646,2.036178551591977,0.0,18.703518112503623,16.667339560911646,14.63116100931967,2566.530455896871,4.685503933193786,-1.455411556527084e-13,2571.2159598300645,2566.530455896871,2571.2159598300645
5,3.5706902738095234,1.3193165098018802,-0.7530392862247849,5.72,4.1975,1.15,14.490425084513747,-41691.405487166085,0.0,0.0,,0.0,0.0,0.0,4128.99169921875,69.98291015625,0.0,4198.974609375,4128.99169921875,4059.0087890625,1557.932848682281,33.455546765657004,1.0201054502419736e-14,1591.3883954479381,1557.932848682281,1524.4773019166241,16.454970877617704,2.4757626304532874,-2.1655834852372962e-15,18.93073350807099,16.454970877617704,13.979208247164415,2560.528294587829,12.056579746678608,5.6630717087726676e-14,2572.5848743345077,2560.528294587829,2572.5848743345077
6,4.474360369047618,0.3467593468642087,0.042125939643067364,5.72,4.46,3.4299999999999997,20.14014275674164,-60715.07486757501,0.0,0.0,,0.0,0.0,0.0,4382.0068359375,129.19921875,0.0,4511.2060546875,4382.0068359375,4252.8076171875,1635.6280239129164,34.896890848793646,0.0,1670.52491476171,1635.6280239129164,1600.7311330641228,17.051016295982386,2.659746716189858,0.0,19.710763012172244,17.051016295982386,14.391269579792528,2590.0280465053957,18.602334951434614,-3.6592961406723665e-14,2608.63038145683,2590.0280465053957,2608.63038145683
7,4.07997980952381,1.1189883545521109,-1.4444219426031424,5.99,4.46,1.22,17.898370183745183,-53679.024522519874,0.0,0.0,,0.0,0.0,0.0,3967.49267578125,37.68310546875,0.0,4005.17578125,3967.49267578125,3929.8095703125,1575.2156686387102,11.449898792602653,0.0,1586.6655674313129,1575.2156686387102,1563.7657698461076,18.237459498466194,4.076786275667551,0.0,22.314245774133745,18.237459498466194,14.160673222798643,2580.6704171855235,3.2214131877817636,0.0,2583.8918303733053,2580.6704171855235,2583.8918303733053
8,4.5645010714285705,0.3415814190660498,0.05982319352915045,5.86,4.55,3.46,20.95134789692375,-63971.223767417716,0.0,0.0,,0.0,0.0,0.0,3886.7431640625,32.2998046875,0.0,3919.04296875,3886.7431640625,3854.443359375,1563.3464310894005,11.298403325191543,3.018962640280311e-14,1574.6448344145922,1563.3464310894005,1552.048027764209,16.570566692570303,2.2128308041208324,-2.3771335920827338e-15,18.783397496691133,16.570566692570303,14.357735888449469,2559.611921641998,21.49590285422164,0.0,2581.1078244962196,2559.611921641998,2581.1078244962196
9,3.8862672619047616,1.184295606365185,-0.9298591179363949,5.82,4.38,1.3,16.50562931420862,-48688.422297980585,0.0,0.0,,0.0,0.0,0.0,3773.69384765625,102.28271484375,0.0,3875.9765625,3773.69384765625,3671.4111328125,1492.3604604914021,36.96263641945632,9.149030270611891e-15,1529.3230969108586,1492.3604604914021,1455.397824071946,17.776923966262693,2.315236300978327,0.0,20.09216026724102,17.776923966262693,15.461687665284366,2491.103828491552,23.832387908243845,-2.8689658004895816e-14,2514.9362163997957,2491.103828491552,2514.9362163997957
10,4.523840666666667,0.45976643252415045,0.9634426914143308,6.3100000000000005,4.44,3.62,20.676519549863094,-63063.08184184878,0.0,0.0,,0.0,0.0,0.0,3466.845703125,236.865234375,0.0,3703.7109375,3466.845703125,3229.98046875,1388.286050817172,65.81134901267922,5.1052589656509805e-15,1454.0973998298514,1388.286050817172,1322.474701804493,16.452169890480967,2.2889429665833365,2.3699832713995403e-15,18.741112857064305,16.452169890480967,14.163226923897632,2409.7386989691972,56.02876425048726,0.0,2465.7674632196845,2409.7386989691972,2465.7674632196845
11,4.613861404761905,1.5219649249910583,-0.8549725896586291,6.42,4.77,1.3899999999999997,23.604094295254534,-78523.6792311449,0.0,0.0,,0.0,0.0,0.0,2470.93505859375,457.58056640625,0.0,2928.515625,2470.93505859375,2013.3544921875,1143.6845634484218,123.9265619695613,1.3456732505586494e-15,1267.6111254179832,1143.6845634484218,1019.7580014788606,18.67736673896605,3.2526388957342025,-1.6518577206848764e-15,21.93000563470025,18.67736673896605,15.424727843231846,2276.4315650175176,128.9307278838569,0.0,2405.3622929013745,2276.4315650175176,2405.3622929013745
12,4.770220214285715,0.9519037251140758,-1.0694470731511412,5.98,4.67,1.93,23.661121594666096,-76493.08426565844,0.0,0.0,,0.0,0.0,0.0,2702.4169921875,602.9296875,0.0,3305.3466796875,2702.4169921875,2099.4873046875,1187.395662084542,174.72561564767648,0.0,1362.1212777322185,1187.395662084542,1012.6700464368655,19.460847693916094,2.281971411527829,2.317028164017293e-15,21.742819105443925,19.460847693916094,17.178876282388266,2335.0611128081327,152.42788459000735,-4.47049675520644e-15,2487.48899739814,2335.0611128081327,2487.48899739814
13,4.396011666666667,0.6054593793398163,-0.44288072900754916,5.650000000000001,4.39,1.93,19.691499633499998,-59392.651180140296,0.0,0.0,,0.0,0.0,0.0,1868.00537109375,166.88232421875,0.0,2034.8876953125,1868.00537109375,1701.123046875,961.90329327275,68.53012213078188,-2.441571228278555e-15,1030.4334154035319,961.90329327275,893.3731711419681,20.37930567643098,0.2588469484484417,2.0604796415848304e-14,20.638152624879424,20.37930567643098,20.12045872798254,2144.5029277947774,71.64062660980471,0.0,2216.143554404582,2144.5029277947774,2216.143554404582
14,3.972618476190476,1.1910684044152426,-0.9080306979786469,6.02,4.28,1.09,17.200341501366214,-51367.45744225702,0.0,0.0,,0.0,0.0,0.0,3240.7470703125,495.263671875,0.0,3736.0107421875,3240.7470703125,2745.4833984375,1364.683668919482,148.35318828948732,-2.281915005799427e-15,1513.0368572089692,1364.683668919482,1216.3304806299946,18.321447738469182,5.773746221580472,9.598215104394064e-16,24.095193960049656,18.321447738469182,12.547701516888711,2460.1638111456195,108.275976459807,-6.2362386827251444e-15,2568.4397876054263,2460.1638111456195,2568.4397876054263
15,4.25357111904762,0.8152412511533649,0.11293994106820977,6.02,4.2,1.63,18.75748556237812,-56304.18983859961,0.0,0.0,,0.0,0.0,0.0,2643.20068359375,543.71337890625,0.0,3186.9140625,2643.20068359375,2099.4873046875,1184.3557660847107,129.9888691667436,0.0,1314.3446352514543,1184.3557660847107,1054.366896917967,18.44856663494118,1.467672903795627,0.0,19.916239538736807,18.44856663494118,16.980893731145553,2334.8692243156966,114.04774034745446,5.964357687819787e-15,2448.9169646631512,2334.8692243156966,2448.9169646631512
16,3.813268738095238,1.3029214629905543,-0.5894160963515302,5.64,4.0,1.6599999999999997,16.238622807655897,-48254.439801807544,0.0,0.0,,0.0,0.0,0.0,2158.70361328125,16.14990234375,0.0,2174.853515625,2158.70361328125,2142.5537109375,1085.0599100212235,8.690431505980769,0.0,1093.7503415272042,1085.0599100212235,1076.3694785152427,19.136555766596707,4.355529967099887,0.0,23.492085733696594,19.136555766596707,14.78102579949682,2240.170213052411,5.733191052675238,-1.189975322153641e-13,2245.903404105086,2240.170213052411,2245.903404105086
17,3.6831997499999996,1.4986872909024211,-0.21702753229199004,5.36,4.39,1.3999999999999997,15.8120239943125,-47748.88291570289,0.0,0.0,,0.0,0.0,0.0,3041.56494140625,382.21435546875,0.0,3423.779296875,3041.56494140625,2659.3505859375,1288.016370287891,105.67895118414503,0.0,1393.695321472036,1288.016370287891,1182.337419103746,17.918297131813404,2.464959619957268,2.0755769233546494e-15,20.383256751770674,17.918297131813404,15.453337511856137,2436.983647050034,76.06272492748917,-8.994425327762524e-15,2513.046371977523,2436.983647050034,2513.046371977523
18,4.569580333333334,0.6486800606311592,-0.11113115019614715,5.94,4.5,3.24,21.30185024384722,-65987.2847068668,0.0,0.0,,0.0,0.0,0.0,2627.05078125,581.396484375,0.0,3208.447265625,2627.05078125,2045.654296875,1171.1203919167729,141.2665682798215,0.0,1312.3869601965944,1171.1203919167729,1029.8538236369513,17.71934951756812,1.8988260983199279,2.789222115555647e-15,19.61817561588805,17.71934951756812,15.820523419248193,2322.6187995835335,123.04338628418486,5.499433953123909e-15,2445.6621858677186,2322.6187995835335,2445.6621858677186
19,4.180380166666668,1.0917036769849011,-1.5326537034514762,6.22,4.48,1.3999999999999997,18.66739525620238,-56570.99792465486,0.0,0.0,,0.0,0.0,0.0,3154.6142578125,366.064453125,0.0,3520.6787109375,3154.6142578125,2788.5498046875,1342.856163640269,100.37282990739891,0.0,1443.2289935476679,1342.856163640269,1242.48333373287,17.695740243223536,0.9718717695241672,0.0,18.667612012747703,17.695740243223536,16.72386847369937,2456.904860511416,81.35534032485316,-8.431727291545943e-15,2538.2602008362687,2456.904860511416,2538.2602008362687
20,3.593246452380952,1.3122075878745798,-0.7293960770741637,5.830000000000001,4.13,1.35,14.633308821223926,-42194.661849862976,0.0,0.0,,0.0,0.0,0.0,3709.09423828125,37.68310546875,0.0,3746.77734375,3709.09423828125,3671.4111328125,1485.1847865972304,34.0417738762643,-9.959725581352043e-15,1519.2265604734946,1485.1847865972304,1451.143012720966,15.781371310707357,2.155960710814938,0.0,17.937332021522295,15.781371310707357,13.625410599892419,2542.5313301971973,33.87727283621484,2.0117467077474966e-14,2576.4086030334124,2542.5313301971973,2576.4086030334124
21,4.410224666666667,0.7062027136361846,0.38329177571340445,6.22,4.32,3.24,19.948803883222222,-60716.06102413545,0.0,0.0,,0.0,0.0,0.0,2939.2822265625,516.796875,0.0,3456.0791015625,2939.2822265625,2422.4853515625,1254.6430701590748,126.1268134155398,0.0,1380.7698835746146,1254.6430701590748,1128.516256743535,19.60265450919566,2.784941758859768,1.973754360149409e-15,22.38759626805543,19.60265450919566,16.817712750335893,2397.37719271666,99.80384194165595,-6.850530905427664e-15,2497.1810346583156,2397.37719271666,2497.1810346583156
22,3.9301795000000004,1.3525327861611565,-0.9057243247615816,5.35,4.67,1.34,17.275655839861113,-52278.66290587158,0.0,0.0,,0.0,0.0,0.0,3090.0146484375,419.8974609375,0.0,3509.912109375,3090.0146484375,2670.1171875,1314.9697120379028,113.1750797086479,0.0,1428.1447917465507,1314.9697120379028,1201.794632329255,17.441482880492345,1.1217311026863186,0.0,18.563213983178663,17.441482880492345,16.319751777806026,2438.8599237931357,90.87250546995642,7.601664819383023e-15,2529.7324292630924,2438.8599237931357,2529.7324292630924
23,4.542923428571428,0.4955345718192716,0.668766280701916,6.320000000000001,4.57,3.3100000000000005,20.883707789731293,-63964.73278445745,0.0,0.0,,0.0,0.0,0.0,3106.16455078125,479.11376953125,0.0,3585.2783203125,3106.16455078125,2627.05078125,1305.5068486227162,144.94596656820454,0.0,1450.4528151909208,1305.5068486227162,1160.5608820545117,17.45910061265807,3.0333892006051304,-1.7183418516068328e-15,20.492489813263198,17.45910061265807,14.425711412052937,2415.329092881261,110.71392748130006,6.1764064485596216e-15,2526.0430203625615,2415.329092881261,2526.0430203625615
24,3.948979916666667,1.1880894503914181,-0.9435083488525433,5.53,4.309999999999999,1.6599999999999997,17.005998924368054,-50611.03983202546,0.0,0.0,,0.0,0.0,0.0,2729.33349609375,360.68115234375,0.0,3090.0146484375,2729.33349609375,2368.65234375,1219.3969108405286,94.18683371730083,-3.5528733892648336e-15,1313.5837445578293,1219.3969108405286,1125.2100771232276,19.9016016649797,0.04714917697417853,1.1300804718587533e-13,19.94875084195388,19.9016016649797,19.854452488005524,2344.2146922956017,94.97858408736488,-7.133330951418374e-15,2439.1932763829664,2344.2146922956017,2439.1932763829664
25,4.457203464285715,0.5324776751202995,1.0530388579461383,6.320000000000001,4.3675,3.1500000000000004,20.150195196542093,-61101.15011528417,0.0,0.0,,0.0,0.0,0.0,3547.59521484375,231.48193359375,0.0,3779.0771484375,3547.59521484375,3316.11328125,1444.1443847427204,60.71047343514965,0.0,1504.85485817787,1444.1443847427204,1383.4339113075707,16.64787827750746,3.28120180556585,0.0,19.92908008307331,16.64787827750746,13.36667647194161,2466.2083516567936,27.91042768727948,0.0,2494.118779344073,2466.2083516567936,2494.118779344073
26,3.824535178571429,1.0516343024774566,-1.3357707784145845,5.41,4.23,1.24,15.733004038277635,-45197.502374763164,0.0,0.0,,0.0,0.0,0.0,4005.17578125,86.1328125,0.0,4091.30859375,4005.17578125,3919.04296875,1524.9929397248147,4.177170361036701,8.159604303127076e-14,1529.1701100858515,1524.9929397248147,1520.8157693637781,20.73500595024476,5.599915543321693,0.0,26.33492149356645,20.73500595024476,15.135090406923066,2577.607427885203,4.94976296280538,0.0,2582.5571908480083,2577.607427885203,2582.5571908480083
27,4.174260190476191,0.3900340348780788,0.8890534891624798,6.21,4.11,3.24,17.576574686157596,-50695.58644965342,0.0,0.0,,0.0,0.0,0.0,3951.3427734375,355.2978515625,0.0,4306.640625,3951.3427734375,3596.044921875,1600.5353141587484,109.14403656249658,3.133849619329307e-15,1709.679350721245,1600.5353141587484,1491.391277596252,16.951267545958014,2.09084468062154,0.0,19.042112226579555,16.951267545958014,14.860422865336474,2601.394196543386,94.18384834980611,7.24576411510424e-15,2695.5780448931923,2601.394196543386,2695.5780448931923
28,4.157353166666667,0.9691043362421333,-1.2309890449345418,5.69,4.48,1.53,18.222748566916664,-54527.47207061859,0.0,0.0,,0.0,0.0,0.0,2799.31640625,645.99609375,0.0,3445.3125,2799.31640625,2153.3203125,1246.4567265807505,176.74437892199785,0.0,1423.2011055027483,1246.4567265807505,1069.7123476587526,15.577344312429505,2.101081168832005,0.0,17.67842548126151,15.577344312429505,13.4762631435975,2393.447797619846,133.3111400571795,-5.110273628994962e-15,2526.758937677025,2393.447797619846,2526.758937677025
29,3.935531166666667,0.9635546670190511,-1.0805503865723771,5.63,4.2,1.3899999999999997,16.41684316013889,-47561.836362831455,0.0,0.0,,0.0,0.0,0.0,2842.3828125,495.263671875,0.0,3337.646484375,2842.3828125,2347.119140625,1246.280372794234,136.26231118083274,0.0,1382.5426839750667,1246.280372794234,1110.0180616134012,14.532006305667714,1.4839804053644556,0.0,16.01598671103217,14.532006305667714,13.048025900303259,2380.900008490765,115.18621611400386,0.0,2496.0862246047686,2380.900008490765,2496.0862246047686
30,4.2560022857142865,0.8115019265917502,-0.8341922163332119,5.84,4.39,2.28,18.77209083286734,-56263.745150749965,0.0,0.0,,0.0,0.0,0.0,2820.849609375,559.86328125,0.0,3380.712890625,2820.849609375,2260.986328125,1235.349849275084,154.39387461561796,0.0,1389.7437238907019,1235.349849275084,1080.955974659466,17.300533369451543,3.3562443585591364,1.597527748221403e-15,20.65677772801068,17.300533369451543,13.944289010892408,2376.5931127763524,113.42435068868872,0.0,2490.017463465041,2376.5931127763524,2490.017463465041
31,4.321859952380952,0.4327856166348755,0.41737430542464465,5.86,4.3,3.34,18.86577683796032,-55793.3541993311,0.0,0.0,,0.0,0.0,0.0,3251.513671875,193.798828125,0.0,3445.3125,3251.513671875,3057.71484375,1368.8143439272944,41.76610122445891,0.0,1410.5804451517533,1368.8143439272944,1327.0482427028355,18.44296009929868,1.2515320319270256,4.247619292865632e-15,19.694492131225708,18.44296009929868,17.191428067371657,2444.127771281288,15.78338126334188,-4.3197701741351926e-14,2459.9111525446297,2444.127771281288,2459.9111525446297
32,4.109061464285714,0.897956518102541,-1.8018104791425407,5.55,4.37,1.4699999999999998,17.690712025680696,-52164.34169914464,0.0,0.0,,0.0,0.0,0.0,3886.7431640625,32.2998046875,0.0,3919.04296875,3886.7431640625,3854.443359375,1470.191566353702,8.266522906350474,0.0,1478.4580892600525,1470.191566353702,1461.9250434473515,16.61842334072432,1.5179269188116766,3.491807766609273e-15,18.136350259535998,16.61842334072432,15.100496421912645,2488.5685514432826,2.1803598757221607,3.129294536005142e-13,2490.748911319005,2488.5685514432826,2490.748911319005
33,4.364656833333333,0.321336736916755,-0.08863179739999898,5.45,4.359999999999999,3.17,19.15348657125567,-56755.8348458148,0.0,0.0,,0.0,0.0,0.0,4085.92529296875,317.61474609375,0.0,4403.5400390625,4085.92529296875,3768.310546875,1582.5046928158697,78.03185621889156,0.0,1660.5365490347613,1582.5046928158697,1504.4728365969781,16.189939403679027,2.1885866420205247,0.0,18.37852604569955,16.189939403679027,14.001352761658502,2573.2674272661443,58.04138877623268,-1.1684400167949808e-14,2631.3088160423767,2573.2674272661443,2631.3088160423767
34,4.051028952380952,0.9768954502542835,-1.1949491170735507,5.84,4.18,1.51,17.365160293756233,-51221.584223950464,0.0,0.0,,0.0,0.0,0.0,3273.046875,559.86328125,0.0,3832.91015625,3273.046875,2713.18359375,1396.3794479570056,193.16525744567286,-1.809010610085306e-15,1589.5447054026783,1396.3794479570056,1203.2141905113326,20.71409514064679,3.623971965465799,0.0,24.33806710611259,20.71409514064679,17.09012317518099,2436.118369831983,114.07856592807116,-5.959524042384816e-15,2550.1969357600537,2436.118369831983,2550.1969357600537
35,3.994908333333333,0.9535307866249868,-1.0561204365444004,5.74,4.39,1.51,16.868513552777777,-49253.97928194616,0.0,0.0,,0.0,0.0,0.0,2427.86865234375,715.97900390625,0.0,3143.84765625,2427.86865234375,1711.8896484375,1115.4260912494758,190.70625426787387,0.0,1306.1323455173497,1115.4260912494758,924.7198369816019,19.359695747071942,4.618294796058269,0.0,23.97799054313021,19.359695747071942,14.741400951013674,2289.0268969399212,167.29183137513223,4.077836272936777e-15,2456.3187283150537,2289.0268969399212,2456.3187283150537
36,4.723754595238095,0.7856730844878386,-2.4815709434255697,5.93,4.76,0.0,22.931139671721652,-72820.50970949198,0.0,0.0,,0.0,0.0,0.0,2524.76806640625,242.24853515625,0.0,2767.0166015625,2524.76806640625,2282.51953125,1119.0866207752765,86.82704651384802,0.0,1205.9136672891245,1119.0866207752765,1032.2595742614285,22.34438644783672,0.05448087138138469,-9.780453816710057e-14,22.398867319218102,22.34438644783672,22.289905576455332,2281.049893104886,97.48759165866545,-7.036393926380949e-15,2378.537484763551,2281.049893104886,2378.537484763551
37,1.4143921190476192,1.3097677839088928,0.16570317852746583,4.17,1.43,0.0,3.7159967141896257,-7474.404422068392,0.0,0.0,,0.0,0.0,0.0,5044.15283203125,188.41552734375,0.0,5232.568359375,5044.15283203125,4855.7373046875,1928.7445884517226,119.11343131173521,0.0,2047.8580197634578,1928.7445884517226,1809.6311571399874,13.555884702223338,3.4772045711876935,7.605223682571085e-16,17.033089273411033,13.555884702223338,10.078680131035645,2761.149388881196,54.02350697461134,0.0,2815.1728958558074,2761.149388881196,2815.1728958558074
38,2.7061928095238095,0.28661487823996945,0.5366938427513357,3.8500000000000005,2.67,2.0999999999999996,7.405627610746883,-14994.333493583204,0.0,0.0,,0.0,0.0,0.0,4699.62158203125,263.78173828125,0.0,4963.4033203125,4699.62158203125,4435.83984375,1794.8341586207384,84.60513587308094,-4.132933535980086e-15,1879.4392944938193,1794.8341586207384,1710.2290227476574,16.265285292117923,2.44813544350931,-2.179196500959658e-15,18.71342073562723,16.265285292117923,13.817149848608612,2686.828155983753,47.14700538210673,0.0,2733.9751613658595,2686.828155983753,2733.9751613658595
39,2.6460592797619054,0.25050352520529934,0.48925348807145286,3.5300000000000002,2.62,2.03,7.064381728154373,-13938.213262858842,0.0,0.0,,0.0,0.0,0.0,4925.72021484375,209.94873046875,0.0,5135.6689453125,4925.72021484375,4715.771484375,1856.0844444458157,81.73375311230723,-4.1575782278432325e-15,1937.8181975581228,1856.0844444458157,1774.3506913335084,16.41346939141189,2.5423610297589896,0.0,18.95583042117088,16.41346939141189,13.871108361652901,2714.8950684205756,33.08442303787183,-2.0594124304709815e-14,2747.9794914584472,2714.8950684205756,2747.9794914584472
40,2.7934197916666665,0.34407548995969883,0.7872110844766479,4.58,2.7583333333333333,1.9399999999999997,7.921582075266051,-16636.57234145319,0.0,0.0,,0.0,0.0,0.0,4495.05615234375,69.98291015625,0.0,4565.0390625,4495.05615234375,4425.0732421875,1764.201953122557,44.50608471898386,0.0,1808.7080378415408,1764.201953122557,1719.695868403573,19.494268350314044,4.169797576829682,-1.1760520193789648e-15,23.664065927143724,19.494268350314044,15.32447077348436,2630.0311960171052,1.3077295348243752,0.0,2631.3389255519296,2630.0311960171052,2631.3389255519296
41,1.9732889285714283,0.4009759023871933,1.5290469268067741,3.3600000000000003,1.8633333333333335,1.43,4.0546508699178005,-6022.960227023428,0.0,0.0,,0.0,0.0,0.0,3682.177734375,624.462890625,0.0,4306.640625,3682.177734375,3057.71484375,1464.220355579982,182.3126091004675,1.997990244164268e-15,1646.5329646804496,1464.220355579982,1281.9077464795146,15.926373769075447,1.51364767301654,-1.728739665585486e-15,17.440021442091986,15.926373769075447,14.412726096058906,2530.6322519324167,136.64736517556662,-4.9275394773721076e-15,2667.279617107983,2530.6322519324167,2667.279617107983
42,2.008771714285714,0.1867855251968086,-0.14050453974953303,2.66,1.99,1.52,4.070052632537414,-5782.115351089734,0.0,0.0,,0.0,0.0,0.0,2874.6826171875,301.46484375,0.0,3176.1474609375,2874.6826171875,2573.2177734375,1231.7123984954387,95.7550652097284,0.0,1327.4674637051671,1231.7123984954387,1135.9573332857103,16.974364677607078,2.142031299835173,2.439981555016805e-15,19.116395977442252,16.974364677607078,14.832333377771906,2369.624499964918,87.20126128577294,0.0,2456.825761250691,2369.624499964918,2456.825761250691
43,2.380833404761905,0.5087958238200562,1.7931194819413907,4.35,2.189285714285714,1.6,5.9272408915668935,-11117.463091124326,0.0,0.0,,0.0,0.0,0.0,4258.19091796875,113.04931640625,0.0,4371.240234375,4258.19091796875,4145.1416015625,1657.6006417675276,22.78322209188127,0.0,1680.3838638594088,1657.6006417675276,1634.8174196756463,16.64192131408663,2.4817090229684418,0.0,19.123630337055072,16.64192131408663,14.160212291118189,2598.841933964764,22.933130923464432,0.0,2621.7750648882284,2598.841933964764,2621.7750648882284
44,3.5904169642857147,0.31204261971571134,0.4527284783557281,4.78,3.5700000000000003,2.4299999999999997,12.988464573949688,-33499.679712806144,0.0,0.0,,0.0,0.0,0.0,4753.45458984375,113.04931640625,0.0,4866.50390625,4753.45458984375,4640.4052734375,1796.3745598051316,14.473433878752985,0.0,1810.8479936838846,1796.3745598051316,1781.9011259263787,16.439865813161553,2.2714650202766986,-2.3493285203021177e-15,18.71133083343825,16.439865813161553,14.168400792884853,2701.2902248316923,32.24259185380515,0.0,2733.5328166854974,2701.2902248316923,2733.5328166854974
45,3.5810610952380952,0.32068084395912677,0.40213159221870476,5.14,3.5600000000000005,2.67,12.926834771510205,-33290.95876122541,0.0,0.0,,0.0,0.0,0.0,4489.6728515625,96.8994140625,0.0,4586.572265625,4489.6728515625,4392.7734375,1725.4755955439423,28.921450419342477,-1.1805098470009338e-14,1754.3970459632847,1725.4755955439423,1696.5541451245997,16.730880395978897,2.413724376969352,0.0,19.14460477294825,16.730880395978897,14.317156019009545,2650.6230115006965,21.583954108240277,-3.156694645534277e-14,2672.2069656089366,2650.6230115006965,2672.2069656089366
46,3.607489101190476,0.30259641598457593,0.17187427613674292,4.73,3.59,2.58,13.105542206174782,-33904.340775970064,0.0,0.0,,0.0,0.0,0.0,4360.4736328125,107.666015625,0.0,4468.1396484375,4360.4736328125,4252.8076171875,1659.0140263409921,22.10496543929048,0.0,1681.1189917802826,1659.0140263409921,1636.9090609017017,16.589160576751418,2.4753253253539977,2.166731441031952e-15,19.064485902105417,16.589160576751418,14.113835251397422,2595.052665099146,13.014077311393748,-5.230075934135669e-14,2608.0667424105395,2595.052665099146,2608.0667424105395
47,3.3298567142857145,0.6729181839879593,-0.5543025180688477,4.86,3.5700000000000003,1.92,11.540764620015306,-29082.874007571576,0.0,0.0,,0.0,0.0,0.0,4306.640625,32.2998046875,0.0,4338.9404296875,4306.640625,4274.3408203125,1614.7254374138126,11.406212049553915,0.0,1626.1316494633666,1614.7254374138126,1603.3192253642587,16.35435593314838,2.1786518660777183,0.0,18.533007799226098,16.35435593314838,14.175704067070662,2609.602974051734,1.2200020808286354,0.0,2610.8229761325624,2609.602974051734,2610.8229761325624
48,3.1399768095238096,0.3535118213899339,0.14367348577268038,4.55,3.1400000000000006,2.21,9.984424972209752,-23224.12328182691,0.0,0.0,,0.0,0.0,0.0,4618.8720703125,10.7666015625,0.0,4629.638671875,4618.8720703125,4608.10546875,1745.6314276375556,0.45980406942533136,7.417728840640839e-13,1746.091231706981,1745.6314276375556,1745.1716235681304,16.086075357969733,2.0138348754413347,2.718746107306761e-15,18.09991023341107,16.086075357969733,14.0722404825284,2659.2903426656567,4.533434303129297,-1.5046493769055994e-13,2663.8237769687858,2659.2903426656567,2663.8237769687858
49,3.6610060476190474,0.3087425795407497,0.6176096486175026,4.96,3.6350000000000002,2.790000000000001,13.498287261124716,-35323.322413621274,0.0,0.0,,0.0,0.0,0.0,4166.6748046875,258.3984375,0.0,4425.0732421875,4166.6748046875,3908.2763671875,1597.7198532135105,67.69787986693768,0.0,1665.4177330804482,1597.7198532135105,1530.0219733465728,16.579665360658794,2.8208523555174594,0.0,19.400517716176253,16.579665360658794,13.758813005141334,2580.0207201458975,28.42341315042313,0.0,2608.4441332963206,2580.0207201458975,2608.4441332963206
50,3.7639690476190477,0.2882041906927791,0.3919418871555742,4.83,3.75,2.5700000000000003,14.25052464696712,-38027.90060112074,0.0,0.0,,0.0,0.0,0.0,4247.42431640625,134.58251953125,0.0,4382.0068359375,4247.42431640625,4112.841796875,1628.2414091770356,35.34202218238477,9.724515809056962e-15,1663.5834313594205,1628.2414091770356,1592.899386994651,16.45973620642892,1.791765168925858,3.0108669091085806e-15,18.25150137535478,16.45973620642892,14.667971037503065,2586.312443354048,17.905647967029154,-3.810176803491838e-14,2604.218091321077,2586.312443354048,2604.218091321077
51,3.775078541666667,0.31896452469502523,0.4197883652681429,4.92,3.759999999999999,2.8200000000000003,14.35295636376605,-38440.72146687687,0.0,0.0,,0.0,0.0,0.0,4721.15478515625,5.38330078125,0.0,4726.5380859375,4721.15478515625,4715.771484375,1738.9005799772322,31.06975797890152,-1.0916641875542839e-14,1769.9703379561336,1738.9005799772322,1707.8308219983305,16.03653713683007,1.9625487993364015,2.7612560844316314e-15,17.999085936166473,16.03653713683007,14.07398833749367,2689.118412754833,15.069553266939693,0.0,2704.187966021773,2689.118412754833,2704.187966021773
52,3.836839952380952,0.28673657588348483,0.16532622899380106,4.81,3.83,2.76,14.803558684136055,-40058.25533457371,0.0,0.0,,0.0,0.0,0.0,4193.59130859375,16.14990234375,0.0,4209.7412109375,4193.59130859375,4177.44140625,1597.9700429652771,0.10113456210444838,3.372434560511527e-12,1598.0711775273817,1597.9700429652771,1597.8689084031728,16.733507251700466,1.8149529329313037,-2.971215223033208e-15,18.548460184631768,16.733507251700466,14.91855431876916,2579.153758397528,6.2478983751116175,0.0,2585.4016567726394,2579.153758397528,2585.4016567726394
53,3.8502628809523807,0.2954212445245782,0.24353039359543585,4.92,3.83,2.75,14.911797964156179,-40469.03976695407,0.0,0.0,,0.0,0.0,0.0,4215.12451171875,166.88232421875,0.0,4382.0068359375,4215.12451171875,4048.2421875,1630.3349549804157,22.48440962537279,0.0,1652.8193646057885,1630.3349549804157,1607.8505453550429,16.133519427714454,2.2530774387780337,2.3296630695522866e-15,18.38659686649249,16.133519427714454,13.880441988936422,2608.6058827162756,9.220994566926493,0.0,2617.826877283202,2608.6058827162756,2617.826877283202
54,3.8682963809523807,0.2854283848250378,0.2011336777104632,4.76,3.86875,3.0300000000000002,15.045186253753117,-40951.647946319456,0.0,0.0,,0.0,0.0,0.0,4516.58935546875,134.58251953125,0.0,4651.171875,4516.58935546875,4382.0068359375,1672.021938070392,39.99922432639789,8.527008882678828e-15,1712.02116239679,1672.021938070392,1632.0227137439942,16.110580390960465,1.7853830344543127,0.0,17.895963425414777,16.110580390960465,14.325197356506152,2618.537575922477,19.898993660001224,-3.433948697183981e-14,2638.436569582478,2618.537575922477,2638.436569582478
55,3.8210840059523807,0.30601715636999877,0.9733573426992179,5.63,3.8,2.8500000000000005,14.694329480537876,-39681.69784725268,0.0,0.0,,0.0,0.0,0.0,4091.30859375,333.7646484375,0.0,4425.0732421875,4091.30859375,3757.5439453125,1611.0838296129593,70.07581214686411,0.0,1681.1596417598234,1611.0838296129593,1541.0080174660952,16.488382479230417,2.077136407976486,0.0,18.565518887206903,16.488382479230417,14.411246071253931,2594.1724336733105,31.63383787726525,0.0,2625.8062715505757,2594.1724336733105,2625.8062715505757
56,3.115460380952381,0.7662538340443724,-0.004390037622761146,5.15,3.165,1.76,10.293238323471657,-25145.18568731663,0.0,0.0,,0.0,0.0,0.0,4521.97265625,86.1328125,0.0,4608.10546875,4521.97265625,4435.83984375,1639.7210184956498,3.0275487775461443,0.0,1642.748567273196,1639.7210184956498,1636.6934697181036,17.53238986234645,3.4332852477495877,0.0,20.965675110096036,17.53238986234645,14.099104614596861,2624.538103342503,22.680049271899634,3.001434856385761e-14,2647.2181526144027,2624.538103342503,2647.2181526144027
57,3.545303565476191,0.35595563438785294,0.14018320228933667,5.21,3.54,2.3,12.695881785030648,-32516.847188831875,0.0,0.0,,0.0,0.0,0.0,4048.2421875,43.06640625,0.0,4091.30859375,4048.2421875,4005.17578125,1563.9672516178346,17.10678685043581,0.0,1581.0740384682704,1563.9672516178346,1546.8604647673988,16.449509286198108,2.155395405764354,2.4835756299083513e-15,18.604904691962464,16.449509286198108,14.294113880433756,2542.2321490393965,9.04671264895569,0.0,2551.278861688352,2542.2321490393965,2551.278861688352
58,3.7946069285714286,0.30255826338318814,0.3214507332714262,5.37,3.775,2.63,14.490583245103743,-38924.461451080584,0.0,0.0,,0.0,0.0,0.0,4139.75830078125,177.64892578125,0.0,4317.4072265625,4139.75830078125,3962.109375,1603.3352160705213,49.8309361147318,-6.8798486567444004e-15,1653.166152185253,1603.3352160705213,1553.5042799557893,16.430781190507382,2.452363732786587,0.0,18.88314492329397,16.430781190507382,13.978417457720795,2573.808290396941,17.507398481062864,0.0,2591.315688878004,2573.808290396941,2591.315688878004
59,3.8231236785714287,0.31574275765139603,0.8992854616655634,5.86,3.79,2.8100000000000005,14.71596815066284,-39773.5669119715,0.0,0.0,,0.0,0.0,0.0,4414.306640625,129.19921875,0.0,4543.505859375,4414.306640625,4285.107421875,1675.7907513541963,35.211075590098176,-9.750079382327895e-15,1711.0018269442944,1675.7907513541963,1640.579675764098,16.340085130259528,2.1564192711874917,0.0,18.49650440144702,16.340085130259528,14.183665859072036,2626.8954777062118,0.6128131773334644,0.0,2627.508290883545,2626.8954777062118,2627.508290883545
60,3.8527116666666665,0.2768072406722869,0.5183140536448413,5.3,3.84,2.8600000000000003,14.92000943495805,-40478.96986378157,0.0,0.0,,0.0,0.0,0.0,4355.09033203125,102.28271484375,0.0,4457.373046875,4355.09033203125,4252.8076171875,1663.0017501843772,18.42599305223723,1.8536069493638042e-14,1681.4277432366146,1663.0017501843772,1644.57575713214,16.60111632330016,2.282966150446846,0.0,18.884082473747007,16.60111632330016,14.318150172853315,2628.6072174141714,3.550820544509861,0.0,2632.1580379586812,2628.6072174141714,2632.1580379586812
61,3.7471824761904764,0.3099302815845624,0.48671581907682826,5.3,3.7200000000000006,2.6100000000000003,14.137433289312076,-37641.473223960274,0.0,0.0,,0.0,0.0,0.0,4473.52294921875,177.64892578125,0.0,4651.171875,4473.52294921875,4295.8740234375,1712.6730805555178,14.819956049796701,0.0,1727.4930366053145,1712.6730805555178,1697.853124505721,16.569394919335803,2.4646586581340095,0.0,19.034053577469813,16.569394919335803,14.104736261201793,2661.154968316272,0.36003705231837557,1.8946865764601175e-12,2661.5150053685907,2661.154968316272,2661.5150053685907
62,3.2053469642857144,0.8438762648658321,0.15669433506369823,5.82,3.12,1.81,10.986376311859553,-27737.02155065636,0.0,0.0,,0.0,0.0,0.0,4365.85693359375,59.21630859375,0.0,4425.0732421875,4365.85693359375,4306.640625,1664.0326488259284,53.921273877493036,-6.311733269586057e-15,1717.9539227034213,1664.0326488259284,1610.1113749484352,16.62933646984308,2.6541819349719944,0.0,19.283518404815073,16.62933646984308,13.975154534871084,2614.6064841615043,19.134834896527764,3.5634310862699815e-14,2633.7413190580323,2614.6064841615043,2633.7413190580323
63,3.535390404761905,0.3371491625788244,-0.26394149701919883,4.75,3.549999999999999,2.38,12.612654871910149,-32193.619700242976,0.0,0.0,,0.0,0.0,0.0,4565.0390625,53.8330078125,0.0,4618.8720703125,4565.0390625,4511.2060546875,1741.2858332030946,0.11966624988872354,0.0,1741.4054994529833,1741.2858332030946,1741.166166953206,16.629522821468505,2.2635014346606166,2.3742125063884543e-15,18.893024256129124,16.629522821468505,14.36602138680789,2650.656730459228,1.8265792134477579,-3.734638394429609e-13,2652.4833096726757,2650.656730459228,2652.4833096726757
64,3.802831011904762,0.3139752237219511,0.5991136137972237,5.18,3.7800000000000002,3.0200000000000005,14.560104146215844,-39195.71811871024,0.0,0.0,,0.0,0.0,0.0,4236.65771484375,123.81591796875,0.0,4360.4736328125,4236.65771484375,4112.841796875,1637.0344271001093,72.0296350556016,0.0,1709.0640621557109,1637.0344271001093,1565.0047920445077,16.954287174903932,2.428748534448866,-2.1698045047746606e-15,19.383035709352797,16.954287174903932,14.525538640455064,2614.836070310718,24.56798709146142,0.0,2639.404057402179,2614.836070310718,2639.404057402179
65,3.8373888452380953,0.30002880901106366,0.4348840681219191,5.05,3.8200000000000003,2.9000000000000004,14.815570435794362,-40119.44421186154,0.0,0.0,,0.0,0.0,0.0,4188.2080078125,43.06640625,0.0,4231.2744140625,4188.2080078125,4145.1416015625,1630.013918027999,6.362077063851757,0.0,1636.3759950918507,1630.013918027999,1623.6518409641471,16.466985463794924,1.9155044485213217,0.0,18.382489912316245,16.466985463794924,14.551481015273602,2609.635016899254,15.286884449763647,4.4617091032737333e-14,2624.921901349018,2609.635016899254,2624.921901349018
66,3.8145638571428573,0.28774395573447076,0.7208382961872276,5.17,3.79225,2.8200000000000003,14.633694004282312,-39434.985643723565,0.0,0.0,,0.0,0.0,0.0,4295.8740234375,86.1328125,0.0,4382.0068359375,4295.8740234375,4209.7412109375,1637.3972985139908,33.99081801051307,0.0,1671.3881165245039,1637.3972985139908,1603.4064805034777,16.638107662164117,2.2123331694590203,-2.4607635163968923e-15,18.850440831623136,16.638107662164117,14.425774492705095,2593.3588745875472,6.110409557281855,0.0,2599.469284144829,2593.3588745875472,2599.469284144829
67,3.2168623214285716,0.7584723606340399,-0.12039607802085116,5.44,3.455,1.82,10.923483516872592,-27231.74835808792,0.0,0.0,,0.0,0.0,0.0,4624.25537109375,123.81591796875,0.0,4748.0712890625,4624.25537109375,4500.439453125,1738.206790157878,58.41110646615914,-5.841492776108162e-15,1796.617896624037,1738.206790157878,1679.7956836917188,16.54570294588018,2.5056905427274945,-2.088909569274327e-15,19.051393488607673,16.54570294588018,14.040012403152684,2669.9965685700604,31.245895062971158,0.0,2701.2424636330315,2669.9965685700604,2701.2424636330315
68,3.513502773809524,0.3889627076858896,0.1955516090191195,5.22,3.5187500000000003,2.44,12.495993729537556,-31860.22033143207,0.0,0.0,,0.0,0.0,0.0,4758.837890625,129.19921875,0.0,4888.037109375,4758.837890625,4629.638671875,1802.1453193841858,38.178818170660975,9.021355751064638e-15,1840.3241375548469,1802.1453193841858,1763.966501213525,17.907596990055065,2.6354913119420083,0.0,20.543088301997074,17.907596990055065,15.272105678113057,2688.519898044037,8.436816652072139,0.0,2696.956714696109,2688.519898044037,2696.956714696109
69,3.7566904880952383,0.3173822801063123,0.21755615293206362,4.86,3.7475,2.3,14.213454935070722,-37927.00253013788,0.0,0.0,,0.0,0.0,0.0,4371.240234375,129.19921875,0.0,4500.439453125,4371.240234375,4242.041015625,1683.4511293116684,53.39336203012044,0.0,1736.8444913417889,1683.4511293116684,1630.057767281548,16.954212103079165,2.6209115448682496,0.0,19.575123647947414,16.954212103079165,14.333300558210915,2623.5412111773094,23.554513316647444,0.0,2647.095724493957,2623.5412111773094,2647.095724493957
70,3.7801117738095242,0.2914454049010489,0.4929981224305005,4.99,3.7573333333333334,2.92,14.374185446531323,-38484.90067668673,0.0,0.0,,0.0,0.0,0.0,4301.25732421875,156.11572265625,0.0,4457.373046875,4301.25732421875,4145.1416015625,1649.0989311034664,45.48477928101249,-7.422720688438594e-15,1694.5837103844788,1649.0989311034664,1603.6141518224538,16.701994909608576,2.00097971683822,0.0,18.702974626446796,16.701994909608576,14.701015192770356,2609.8021645520093,14.258329316071922,0.0,2624.0604938680813,2609.8021645520093,2624.0604938680813
71,3.8164106071428567,0.2905911885049565,0.7401567730637871,5.17,3.8,2.84,14.649433161149235,-39496.372584161785,0.0,0.0,,0.0,0.0,0.0,4430.45654296875,145.34912109375,0.0,4575.8056640625,4430.45654296875,4285.107421875,1698.605064505028,30.020845136973776,0.0,1728.6259096420017,1698.605064505028,1668.5842193680542,16.26702650702061,2.5366201017196204,0.0,18.80364660874023,16.26702650702061,13.73040640530099,2642.2449166163133,17.003579767282645,0.0,2659.248496383596,2642.2449166163133,2659.248496383596
72,3.7846961071428566,0.3648842440547693,0.6311231434421689,5.69,3.7470833333333338,2.62,14.457065134981718,-38887.655147463185,0.0,0.0,,0.0,0.0,0.0,4591.95556640625,5.38330078125,0.0,4597.3388671875,4591.95556640625,4586.572265625,1762.7505369179635,14.533128622349409,-2.3481297597048566e-14,1777.2836655403128,1762.7505369179635,1748.217408295614,17.16698663306989,2.63616623366147,0.0,19.80315286673136,17.16698663306989,14.53082039940842,2682.6651242594758,15.321919588607216,0.0,2697.987043848083,2682.6651242594758,2697.987043848083
73,3.285217321428571,0.4584695813530855,-0.22094826125554204,4.62,3.3600000000000003,2.21,11.002847206040393,-26798.899633393135,0.0,0.0,,0.0,0.0,0.0,4613.48876953125,145.34912109375,0.0,4758.837890625,4613.48876953125,4468.1396484375,1744.908937229186,31.233727550740582,1.0924707196191957e-14,1776.1426647799267,1744.908937229186,1713.6752096784455,15.953108050969062,2.71307466493875,0.0,18.666182715907812,15.953108050969062,13.240033386030312,2625.9655533043806,24.44106459835416,-2.7845007546228094e-14,2650.4066179027345,2625.9655533043806,2650.4066179027345
74,3.822421047619047,0.2720948054984143,0.14814692938685356,4.6,3.816333333333333,3.0300000000000002,14.684938248460316,-39604.03785484488,0.0,0.0,,0.0,0.0,0.0,4037.4755859375,139.9658203125,0.0,4177.44140625,4037.4755859375,3897.509765625,1562.5186987946674,17.255057389001877,0.0,1579.7737561836693,1562.5186987946674,1545.2636414056656,16.43569198185199,2.5020177739640044,2.1548281570625813e-15,18.937709755815995,16.43569198185199,13.933674207887986,2535.823154538168,12.704127995682484,0.0,2548.5272825338507,2535.823154538168,2548.5272825338507
75,3.9051337142857148,0.2424982990432244,0.23548771218952622,5.01,3.8900000000000006,3.0,15.308874751489794,-41887.17123836846,0.0,0.0,,0.0,0.0,0.0,3875.9765625,107.666015625,0.0,3983.642578125,3875.9765625,3768.310546875,1506.0180363081167,4.546480550378419,0.0,1510.5645168584952,1506.0180363081167,1501.4715557577383,16.341525070682813,2.2027196370659805,2.326915312865751e-15,18.544244707748796,16.341525070682813,14.138805433616835,2529.6533471582143,8.071291238692538,0.0,2537.724638396907,2529.6533471582143,2537.724638396907
76,3.9458680833333335,0.26195920257033667,0.4071297520121463,4.96,3.9287499999999995,3.2300000000000004,15.63849755487996,-43139.894331275485,0.0,0.0,,0.0,0.0,0.0,4102.0751953125,75.3662109375,0.0,4177.44140625,4102.0751953125,4026.708984375,1551.1162968194353,25.324936306623727,1.3438980688356266e-14,1576.4412331260592,1551.1162968194353,1525.7913605128117,16.452776208966284,2.0140525389730968,0.0,18.46682874793938,16.452776208966284,14.438723669993188,2551.3480545166076,33.204527379084766,2.0570204113781456e-14,2584.5525818956926,2551.3480545166076,2584.5525818956926
77,3.991724523809524,0.30872965483391157,0.045059609306221764,4.89,3.9799999999999995,3.0200000000000005,16.029178673756235,-44661.788298434374,0.0,0.0,,0.0,0.0,0.0,3924.42626953125,166.88232421875,0.0,4091.30859375,3924.42626953125,3757.5439453125,1488.3755389917578,22.59967580604996,1.5128461853598167e-14,1510.975214797808,1488.3755389917578,1465.775863185708,16.458749249534844,2.637269277608876,0.0,19.09601852714372,16.458749249534844,13.821479971925967,2481.494403384687,24.090159249572253,2.8364011310946757e-14,2505.5845626342593,2481.494403384687,2505.5845626342593
78,3.1882494047619048,0.43146539463857436,0.18414151531120404,4.59,3.1637500000000003,2.19,10.351096653735262,-24563.796868663045,0.0,0.0,,0.0,0.0,0.0,4861.12060546875,145.34912109375,0.0,5006.4697265625,4861.12060546875,4715.771484375,1825.8810601441396,35.40348748766587,0.0,1861.2845476318055,1825.8810601441396,1790.4775726564737,16.330931065905126,1.9248369599752433,2.7399399830494153e-15,18.25576802588037,16.330931065905126,14.406094105929885,2690.781905169063,6.199373718667857,-1.100457099123595e-13,2696.9812788877307,2690.781905169063,2696.9812788877307
79,3.7175501547619048,0.44123608238629747,0.8362257451288583,5.5,3.6800000000000006,2.36,14.014868433569871,-37399.44884472281,0.0,0.0,,0.0,0.0,0.0,4096.69189453125,26.91650390625,0.0,4123.6083984375,4096.69189453125,4069.775390625,1595.0272782815307,12.419016622230401,0.0,1607.446294903761,1595.0272782815307,1582.6082616593003,16.770809913697185,2.1659920741622383,-2.5347061896269382e-15,18.936801987859422,16.770809913697185,14.604817839534945,2545.1659379389453,16.98761929956345,0.0,2562.1535572385087,2545.1659379389453,2562.1535572385087
80,3.7819773333333333,0.35935120824189104,0.0240037797918304,4.94,3.7800000000000002,2.9400000000000004,14.432485840712019,-38784.53344311196,0.0,0.0,,0.0,0.0,0.0,4532.7392578125,10.7666015625,0.0,4543.505859375,4532.7392578125,4521.97265625,1730.7981585741304,1.380548365003051,0.0,1732.1787069391335,1730.7981585741304,1729.4176102091274,17.041164314972555,2.3734206169319183,-2.258681538269107e-15,19.41458493190447,17.041164314972555,14.667743698040635,2657.1120772904096,10.753925141763148,6.344079692710988e-14,2667.866002432173,2657.1120772904096,2667.866002432173
81,3.87938425,0.2886009825066087,0.5733802639084189,5.1,3.8616666666666664,3.0300000000000002,15.132912686251842,-41282.58478144564,0.0,0.0,,0.0,0.0,0.0,4419.68994140625,231.48193359375,0.0,4651.171875,4419.68994140625,4188.2080078125,1649.939529591768,76.10386504317785,0.0,1726.0433946349458,1649.939529591768,1573.83566454859,16.396617689401957,2.841028134908891,-1.8591517955917217e-15,19.237645824310846,16.396617689401957,13.555589554493064,2623.461660182811,47.670924807919846,-1.4238534425857623e-14,2671.1325849907307,2623.461660182811,2671.1325849907307
82,3.893378142857143,0.32178551428748076,0.31077702244911287,5.1,3.8725,2.79,15.261939280482993,-41802.404765062776,0.0,0.0,,0.0,0.0,0.0,4489.6728515625,10.7666015625,0.0,4500.439453125,4489.6728515625,4478.90625,1716.2037916378947,6.2712656777298434,0.0,1722.4750573156246,1716.2037916378947,1709.9325259601649,16.96656251860535,2.3517932436791735,2.2532881956272607e-15,19.318355762284526,16.96656251860535,14.614769274926179,2661.0806538348797,13.46865977340758,0.0,2674.5493136082873,2661.0806538348797,2674.5493136082873
83,3.9959301547619046,0.32922927078595127,0.2621222883635346,5.58,3.976333333333333,3.0700000000000003,16.07584971447775,-44865.32373920272,0.0,0.0,,0.0,0.0,0.0,3945.95947265625,5.38330078125,0.0,3951.3427734375,3945.95947265625,3940.576171875,1531.3400418407823,20.168009909550733,-1.6852123113330583e-14,1551.508051750333,1531.3400418407823,1511.1720319312315,17.690500597581597,3.7357397417690397,-1.431033053854967e-15,21.426240339350635,17.690500597581597,13.954760855812555,2536.3077473562344,37.003870954995136,-1.8452355575328017e-14,2573.3116183112293,2536.3077473562344,2573.3116183112293
84,3.40169525,0.7248744641667608,-0.8409028878682587,5.24,3.6100000000000003,1.67,12.096973562673611,-31120.77474169384,0.0,0.0,,0.0,0.0,0.0,4015.9423828125,107.666015625,0.0,4123.6083984375,4015.9423828125,3908.2763671875,1564.0897367046773,20.106891206086857,0.0,1584.1966279107642,1564.0897367046773,1543.9828454985905,17.070001060937017,2.2122521231095433,0.0,19.28225318404656,17.070001060937017,14.857748937827473,2563.806320993405,36.30823692811191,0.0,2600.1145579215167,2563.806320993405,2600.1145579215167
85,3.565892738095238,0.4405764170083422,-0.4337403142292609,5.09,3.5999999999999996,2.0999999999999996,12.909698598824264,-33400.38355633422,0.0,0.0,,0.0,0.0,0.0,4430.45654296875,134.58251953125,0.0,4565.0390625,4430.45654296875,4295.8740234375,1703.2991345925316,19.467547153446617,1.75663419227287e-14,1722.7666817459783,1703.2991345925316,1683.831587439085,18.144777920048774,1.9229511915153559,0.0,20.06772911156413,18.144777920048774,16.22182672853342,2605.129002784187,7.806700067217889,-8.745583476222287e-14,2612.9357028514046,2605.129002784187,2612.9357028514046
86,3.8553089523809523,0.2840818333038543,0.44788324548763503,5.04,3.84,2.8900000000000006,14.944109606321996,-40576.3171363808,0.0,0.0,,0.0,0.0,0.0,4236.65771484375,16.14990234375,0.0,4252.8076171875,4236.65771484375,4220.5078125,1576.9146392955017,0.8849019713725284,0.0,1577.7995412668743,1576.9146392955017,1576.0297373241292,16.3240138043147,2.753890354506783,0.0,19.077904158821482,16.3240138043147,13.570123449807916,2588.864984557931,18.287807600663882,-3.7324067215076443e-14,2607.152792158595,2588.864984557931,2607.152792158595
87,3.938613880952381,0.32887516837175185,0.7842172145034815,5.41,3.9000000000000004,2.95,15.620838179602323,-43155.64116623002,0.0,0.0,,0.0,0.0,0.0,4500.439453125,0.0,,4500.439453125,4500.439453125,4500.439453125,1656.9920797163672,7.781754514872773,0.0,1664.77383423124,1656.9920797163672,1649.2103252014945,16.0015384226056,1.9416894134496907,0.0,17.94322783605529,16.0015384226056,14.059849009155908,2616.19770949403,18.459228177235673,0.0,2634.6569376712655,2616.19770949403,2634.6569376712655
88,4.067740297619047,0.47384094986633907,0.5959424922624009,5.72,4.0,3.0083333333333337,16.771036374644137,-47744.71705581195,0.0,0.0,,0.0,0.0,0.0,4285.107421875,129.19921875,0.0,4414.306640625,4285.107421875,4155.908203125,1635.6696157660322,23.803764321517175,1.42954920793879e-14,1659.4733800875495,1635.6696157660322,1611.865851444515,17.932763439351078,4.0389318873563855,-1.2941119930456088e-15,21.97169532670746,17.932763439351078,13.89383155199469,2607.2101617946755,9.409639008644263,0.0,2616.61980080332,2607.2101617946755,2616.61980080332
89,3.9854691190476186,0.6723505923727147,0.11770946105270343,5.33,3.9799999999999995,2.9300000000000006,16.336019417946144,-46532.04649884251,0.0,0.0,,0.0,0.0,0.0,2831.6162109375,452.197265625,0.0,3283.8134765625,2831.6162109375,2379.4189453125,1230.2349834255936,120.71875111805753,0.0,1350.953734543651,1230.2349834255936,1109.516232307536,19.58305849672756,4.021140153530537,-1.3113656961069076e-15,23.604198650258095,19.58305849672756,15.561918343197021,2365.8291137713686,116.04978023922672,-5.884428188515989e-15,2481.878894010595,2365.8291137713686,2481.878894010595
90,3.8085919523809526,0.3753263907757977,0.43131218720746617,4.92,3.7758333333333334,2.6800000000000006,14.646242559353741,-39597.40532250125,0.0,0.0,,0.0,0.0,0.0,4085.92529296875,199.18212890625,0.0,4285.107421875,4085.92529296875,3886.7431640625,1599.323716195846,46.15476514258671,0.0,1645.4784813384326,1599.323716195846,1553.1689510532592,16.610992657878526,2.698821061799057,1.988065189518738e-15,19.309813719677585,16.610992657878526,13.912171596079471,2595.0553386314086,24.606330799766734,-2.7715036291198605e-14,2619.661669431175,2595.0553386314086,2619.661669431175
91,3.55422825,0.7097879351867428,-0.5912465148429065,5.55,3.74,1.91,13.136337366034722,-34779.7696737012,0.0,0.0,,0.0,0.0,0.0,4511.2060546875,107.666015625,0.0,4618.8720703125,4511.2060546875,4403.5400390625,1711.5673311686414,28.815566842179578,0.0,1740.382898010821,1711.5673311686414,1682.7517643264619,18.607600297070427,4.687188971307613,0.0,23.29478926837804,18.607600297070427,13.920411325762814,2675.87183881723,10.1121220723021,0.0,2685.983960889532,2675.87183881723,2685.983960889532
92,3.593749,0.40792757984903927,0.7517900213044412,5.72,3.583333333333334,2.36,13.081436785402495,-33974.09114738015,0.0,0.0,,0.0,0.0,0.0,4871.88720703125,209.94873046875,0.0,5081.8359375,4871.88720703125,4661.9384765625,1866.049052561899,80.60444701169104,0.0,1946.6534995735901,1866.049052561899,1785.444605550208,18.501939117667753,2.954733308403279,-1.8592556621888355e-15,21.45667242607103,18.501939117667753,15.547205809264472,2719.276676344397,40.277292538156644,-1.6925945585008678e-14,2759.5539688825534,2719.276676344397,2759.5539688825534
93,3.986610738095238,0.5020397505970364,1.6909258402401541,5.93,3.869999999999999,2.8500000000000005,16.145109088275795,-45443.870029420876,0.0,0.0,,0.0,0.0,0.0,3983.642578125,21.533203125,0.0,4005.17578125,3983.642578125,3962.109375,1490.2414245863608,6.517238127716382,0.0,1496.7586627140772,1490.2414245863608,1483.7241864586445,16.98758421438189,2.0847070509813808,-2.5488158484946458e-15,19.07229126536327,16.98758421438189,14.902877163400507,2528.067631433878,4.200809521060592,1.6236957016284718e-13,2532.268440954939,2528.067631433878,2532.268440954939
94,4.090683635854342,0.5430834182165918,0.38156159195809275,5.08,4.0,2.8500000000000005,17.028632207788313,-48869.60419834321,0.0,0.0,,0.0,0.0,0.0,3908.2763671875,118.4326171875,0.0,4026.708984375,3908.2763671875,3789.84375,1506.0159735746056,39.49496881811922,8.621596523222631e-15,1545.510942392725,1506.0159735746056,1466.5210047564865,16.828841637694595,2.1526846441694527,2.4929697546955904e-15,18.98152628186405,16.828841637694595,14.676156993525144,2535.119315216816,26.355628441391673,0.0,2561.474943658208,2535.119315216816,2561.474943658208
95,3.9006942380952387,0.6591668109596046,0.28275364485153637,5.06,3.79,2.7800000000000002,15.649916423780047,-43917.81602747127,0.0,0.0,,0.0,0.0,0.0,2896.2158203125,656.7626953125,0.0,3552.978515625,2896.2158203125,2239.453125,1257.819505321598,184.97044399082256,0.0,1442.7899493124205,1257.819505321598,1072.8490613307754,15.224499153370466,2.7916895046512096,0.0,18.016188658021676,15.224499153370466,12.432809648719257,2387.974373361265,148.43408750363665,4.5563719725851255e-15,2536.408460864902,2387.974373361265,2536.408460864902
96,3.8728269999999996,0.7158287393053204,-0.600644047934141,5.25,3.9000000000000004,2.24,15.511199755944446,-43491.94001168107,0.0,0.0,,0.0,0.0,0.0,2508.6181640625,635.2294921875,0.0,3143.84765625,2508.6181640625,1873.388671875,1132.2779123975647,193.0658592969968,-1.747098744409671e-15,1325.3437716945614,1132.2779123975647,939.2120531005678,19.936799939569987,3.3181334816477435,-1.555960731706286e-15,23.25493342121773,19.936799939569987,16.61866645792224,2296.1390563198624,161.6553490162728,0.0,2457.7944053361352,2296.1390563198624,2457.7944053361352
97,3.6257684761904767,0.743443588387453,-0.38925842864579036,4.95,3.77,2.14,13.698905412051023,-36909.82385734678,0.0,0.0,,0.0,0.0,0.0,2578.60107421875,263.78173828125,0.0,2842.3828125,2578.60107421875,2314.8193359375,1187.6993605204314,80.41912119796189,0.0,1268.1184817183932,1187.6993605204314,1107.2802393224695,20.317013114052138,2.8234010627382773,0.0,23.140414176790415,20.317013114052138,17.49361205131386,2282.8581288389564,68.83999318746191,0.0,2351.6981220264183,2282.8581288389564,2351.6981220264183
98,3.694200142857143,0.5043686858473816,0.3545983878193938,5.25,3.7200000000000006,2.7800000000000002,13.901502466749148,-37100.93196756372,0.0,0.0,,0.0,0.0,0.0,3111.5478515625,613.6962890625,0.0,3725.244140625,3111.5478515625,2497.8515625,1329.5591369593421,189.49196279139426,1.8478278808589992e-15,1519.0510997507365,1329.5591369593421,1140.067174167948,17.54992968291074,3.2682816895771474,0.0,20.818211372487887,17.54992968291074,14.281647993333593,2439.4522359071584,135.6580816397227,0.0,2575.110317546881,2439.4522359071584,2575.110317546881
99,4.025286833333333,0.5676483789175742,1.0969271546348853,5.34,3.9400000000000004,2.37,16.52515877269445,-47021.81497511247,0.0,0.0,,0.0,0.0,0.0,2820.849609375,409.130859375,0.0,3229.98046875,2820.849609375,2411.71875,1235.2395720748573,118.99886415445974,-2.8324715187335727e-15,1354.238436229317,1235.2395720748573,1116.2407079203974,16.995871845111715,0.013023217692879285,0.0,17.008895062804594,16.995871845111715,16.982848627418836,2366.854213216962,100.16057706999163,0.0,2467.0147902869535,2366.854213216962,2467.0147902869535
