,ASMPAM1_T_mean,ASMPAM1_T_std,ASMPAM1_T_skew,ASMPAM1_T_max,ASMPAM1_T_median,ASMPAM1_T_min,ASMPAM1_T_energy,ASMPAM1_T_entropy,ASMPAM1_T_zcr_mean,ASMPAM1_T_zcr_std,ASMPAM1_T_zcr_skew,ASMPAM1_T_zcr_max,ASMPAM1_T_zcr_median,ASMPAM1_T_zcr_min,ASMPAM1_T_spec_roll_off_mean,ASMPAM1_T_spec_roll_off_std,ASMPAM1_T_spec_roll_off_skew,ASMPAM1_T_spec_roll_off_max,ASMPAM1_T_spec_roll_off_median,ASMPAM1_T_spec_roll_off_min,ASMPAM1_T_spec_centroid_mean,ASMPAM1_T_spec_centroid_std,ASMPAM1_T_spec_centroid_skew,ASMPAM1_T_spec_centroid_max,ASMPAM1_T_spec_centroid_median,ASMPAM1_T_spec_centroid_min,ASMPAM1_T_spec_contrast_mean,ASMPAM1_T_spec_contrast_std,ASMPAM1_T_spec_contrast_skew,ASMPAM1_T_spec_contrast_max,ASMPAM1_T_spec_contrast_median,ASMPAM1_T_spec_contrast_min,ASMPAM1_T_spec_bandwidth_mean,ASMPAM1_T_spec_bandwidth_std,ASMPAM1_T_spec_bandwidth_skew,ASMPAM1_T_spec_bandwidth_max,ASMPAM1_T_spec_bandwidth_median,ASMPAM1_T_spec_bandwidth_min
0,242.34000000000006,5.684341886080802e-14,,242.34,242.34,242.34,58728.675599999995,-644880993.1243528,0.0,0.0,,0.0,0.0,0.0,2497.8515625,678.2958984375,0.0,3176.1474609375,2497.8515625,1819.5556640625,1132.4804077812073,182.18252354772767,0.0,1314.662931328935,1132.4804077812073,950.2978842334796,16.180666624247092,1.9092932904842321,0.0,18.089959914731324,16.180666624247092,14.27137333376286,2318.246845271685,145.7687818794859,4.660561620288645e-15,2464.015627151171,2318.246845271685,2464.015627151171
1,242.34000000000006,5.684341886080802e-14,,242.34,242.34,242.34,58728.675599999995,-644880993.1243528,0.0,0.0,,0.0,0.0,0.0,2497.8515625,678.2958984375,0.0,3176.1474609375,2497.8515625,1819.5556640625,1132.4804077812073,182.18252354772767,0.0,1314.662931328935,1132.4804077812073,950.2978842334796,16.180666624247092,1.9092932904842321,0.0,18.089959914731324,16.180666624247092,14.27137333376286,2318.246845271685,145.7687818794859,4.660561620288645e-15,2464.015627151171,2318.246845271685,2464.015627151171
2,242.34000000000006,5.684341886080802e-14,,242.34,242.34,242.34,58728.675599999995,-644880993.1243528,0.0,0.0,,0.0,0.0,0.0,2497.8515625,678.2958984375,0.0,3176.1474609375,2497.8515625,1819.5556640625,1132.4804077812073,182.18252354772767,0.0,1314.662931328935,1132.4804077812073,950.2978842334796,16.180666624247092,1.9092932904842321,0.0,18.089959914731324,16.180666624247092,14.27137333376286,2318.246845271685,145.7687818794859,4.660561620288645e-15,2464.015627151171,2318.246845271685,2464.015627151171
3,242.34000000000006,5.684341886080802e-14,,242.34,242.34,242.34,58728.675599999995,-644880993.1243528,0.0,0.0,,0.0,0.0,0.0,2497.8515625,678.2958984375,0.0,3176.1474609375,2497.8515625,1819.5556640625,1132.4804077812073,182.18252354772767,0.0,1314.662931328935,1132.4804077812073,950.2978842334796,16.180666624247092,1.9092932904842321,0.0,18.089959914731324,16.180666624247092,14.27137333376286,2318.246845271685,145.7687818794859,4.660561620288645e-15,2464.015627151171,2318.246845271685,2464.015627151171
4,243.40034300000005,4.723274389777582,4.23217745996584,266.05,242.34,242.34,59266.03629347877,-651367202.6863861,0.0,0.0,,0.0,0.0,0.0,2551.6845703125,624.462890625,0.0,3176.1474609375,2551.6845703125,1927.2216796875,1144.595529414766,170.0640778395093,0.0,1314.6596072542752,1144.595529414766,974.5314515752566,16.077836473700504,1.8073331430365833,0.0,17.885169616737087,16.077836473700504,14.27050333066392,2329.3546428041795,134.65969692484077,0.0,2464.0143397290203,2329.3546428041795,2464.0143397290203
5,259.90827864285717,5.757435403469469,-0.7460284991082236,265.71250000000003,263.99,247.44,67585.46136951819,-751693848.0893759,0.0,0.0,,0.0,0.0,0.0,2530.1513671875,656.7626953125,0.0,3186.9140625,2530.1513671875,1873.388671875,1138.9330125522465,177.86031141895097,-9.103862178186823e-16,1316.7933239711974,1138.9330125522465,961.0727011332955,16.15564563156997,1.9550130477719243,0.0,18.110658679341896,16.15564563156997,14.200632583798047,2323.685847330399,141.76373921115783,0.0,2465.449586541557,2323.685847330399,2465.449586541557
6,263.75523069642855,0.21455779028113162,-0.837809686011498,264.34,263.75,262.19,69566.86775477162,-775673707.2373085,0.0,0.0,,0.0,0.0,0.0,2503.23486328125,683.67919921875,0.0,3186.9140625,2503.23486328125,1819.5556640625,1133.722489442367,182.23040258369969,9.233978873957914e-16,1315.9528920260668,1133.722489442367,951.4920868586674,16.17627448298603,1.9186888494451466,0.0,18.094963332431178,16.17627448298603,14.257585633540884,2319.26427496849,145.6649337523811,-4.7458678523671e-15,2464.929208720871,2319.26427496849,2464.929208720871
7,261.74764359523806,4.097324105794249,-1.4186642096537054,269.06,264.16,250.48,68528.61699248772,-763099932.5991894,0.0,0.0,,0.0,0.0,0.0,2514.00146484375,672.91259765625,0.0,3186.9140625,2514.00146484375,1841.0888671875,1135.8074227667714,180.04471521252208,0.0,1315.8521379792935,1135.8074227667714,955.7627075542493,16.276614183957278,2.063043510446299,0.0,18.339657694403577,16.276614183957278,14.21357067351098,2321.08113022822,143.77582819968393,0.0,2464.856958427904,2321.08113022822,2464.856958427904
8,263.8981147738095,0.2312438586437455,0.5469889008174743,265.67600000000004,263.89,263.21000000000004,69642.26845489291,-776589884.8008873,0.0,0.0,,0.0,0.0,0.0,2497.8515625,678.2958984375,0.0,3176.1474609375,2497.8515625,1819.5556640625,1132.594350907571,181.95882254441034,9.275386744709778e-16,1314.5531734519814,1132.594350907571,950.6355283631607,16.181990523489787,1.9031803381066155,0.0,18.085170861596403,16.181990523489787,14.278810185383172,2318.4132668461666,145.5620912653394,0.0,2463.975358111506,2318.4132668461666,2463.975358111506
9,261.37133764285716,4.7213727179962275,-0.9884754152656348,266.22,264.2270833333333,249.78,68337.26750155866,-760789160.4837966,0.0,0.0,,0.0,0.0,0.0,2524.76806640625,662.14599609375,0.0,3186.9140625,2524.76806640625,1862.6220703125,1137.7297276653094,179.15993162876242,9.716921995379255e-16,1316.8896592940719,1137.7297276653094,958.569796036547,16.244676763447423,1.9055883258644783,0.0,18.1502650893119,16.244676763447423,14.339088437582944,2322.58361072351,143.06860673809683,4.770438986563214e-15,2465.652217461607,2322.58361072351,2465.652217461607
10,264.82143791666664,0.46128731809301077,0.3166469880909045,266.03,264.6958333333333,263.46,70130.60676624077,-782525772.4601122,0.0,0.0,,0.0,0.0,0.0,2514.00146484375,672.91259765625,0.0,3186.9140625,2514.00146484375,1841.0888671875,1134.43227109404,182.11285521233015,-1.7732752812557225e-15,1316.54512630637,1134.43227109404,952.3194158817098,16.18256095315017,1.9225356208500806,0.0,18.10509657400025,16.18256095315017,14.260025332300089,2320.148627194555,145.44226168332625,0.0,2465.5908888778813,2320.148627194555,2465.5908888778813
11,264.0501868571428,4.392650254772161,-1.8508231984229515,268.68,266.03,251.71,69741.7965555528,-777837415.0686301,0.0,0.0,,0.0,0.0,0.0,2514.00146484375,672.91259765625,0.0,3186.9140625,2514.00146484375,1841.0888671875,1136.6903276201301,180.13876784112284,9.559382007043116e-16,1316.829095461253,1136.6903276201301,956.5515597790073,16.113390224292782,1.914840670834753,0.0,18.028230895127535,16.113390224292782,14.19854955345803,2321.577588119757,143.79073935788074,0.0,2465.3683274776376,2321.577588119757,2465.3683274776376
12,266.0641478214286,3.649314369119668,-2.0689012886725178,273.08000000000004,267.192,253.23,70803.44825130767,-790735427.3356609,0.0,0.0,,0.0,0.0,0.0,2508.6181640625,667.529296875,0.0,3176.1474609375,2508.6181640625,1841.0888671875,1132.5375703632321,181.36407373276006,0.0,1313.9016440959922,1132.5375703632321,951.1734966304721,16.153980261080367,1.854016895529707,0.0,18.007997156610074,16.153980261080367,14.29996336555066,2319.949174367486,143.6961883021629,-4.708208040628115e-15,2463.645362669649,2319.949174367486,2463.645362669649
13,268.8471354761905,1.950577396657279,-2.7965300755753972,271.04,269.4,257.42,72282.58700593347,-808729611.2142968,0.0,0.0,,0.0,0.0,0.0,2487.0849609375,667.529296875,0.0,3154.6142578125,2487.0849609375,1819.5556640625,1128.6594414852843,180.63903029736332,-1.975037579387611e-15,1309.2984717826475,1128.6594414852843,948.0204111879209,16.21786069338646,1.874958434924455,0.0,18.092819128310914,16.21786069338646,14.342902258462004,2315.434223226172,145.07826642879354,0.0,2460.5124896549655,2315.434223226172,2460.5124896549655
14,267.978942,5.211972871405972,-1.1368758562442676,274.38,270.59366666666665,255.81,71839.87801665164,-803381444.4368384,0.0,0.0,,0.0,0.0,0.0,2530.1513671875,667.529296875,0.0,3197.6806640625,2530.1513671875,1862.6220703125,1139.7645508349785,180.7544587677931,-9.462030055872264e-16,1320.5190096027716,1139.7645508349785,959.0100920671854,16.184290070211308,2.0163491394286517,0.0,18.20063920963996,16.184290070211308,14.167940930782656,2324.4391461469213,144.2727783636151,0.0,2468.7119245105364,2324.4391461469213,2468.7119245105364
15,271.90774927380954,3.4684723903680377,-3.196188271864836,274.5,272.83,258.63,73945.85441587162,-829037239.8163121,0.0,0.0,,0.0,0.0,0.0,2465.5517578125,710.595703125,0.0,3176.1474609375,2465.5517578125,1754.9560546875,1123.4166098115759,190.37076887847053,-8.099357868279658e-16,1313.7873786900464,1123.4166098115759,933.0458409331053,16.322969901797883,2.041169815598174,0.0,18.364139717396057,16.322969901797883,14.28180008619971,2309.7411169053184,153.70080864266424,-4.424465085284409e-15,2463.4419255479825,2309.7411169053184,2463.4419255479825
16,273.5089360119047,4.1284301944057535,-2.789477293486822,276.56,274.92,257.59,74824.1820142343,-839777644.0320477,0.0,0.0,,0.0,0.0,0.0,2433.251953125,656.7626953125,0.0,3090.0146484375,2433.251953125,1776.4892578125,1114.7474195277266,175.24865070895726,0.0,1289.9960702366839,1114.7474195277266,939.4987688187693,16.37199552189465,1.7940389831389574,0.0,18.166034505033608,16.37199552189465,14.577956538755693,2304.78773670403,142.44289848384074,4.753021114025324e-15,2447.230635187871,2304.78773670403,2447.230635187871
17,273.5182289821429,4.812108315060215,-1.7732328428314104,277.5,275.90000000000003,258.95,74835.37797196381,-839926712.8384658,0.0,0.0,,0.0,0.0,0.0,2514.00146484375,672.91259765625,0.0,3186.9140625,2514.00146484375,1841.0888671875,1136.3605492602974,179.8267318459117,-1.921846165515211e-15,1316.187281106209,1136.3605492602974,956.5338174143856,16.13065188819562,1.8754690191910832,0.0,18.006120907386702,16.13065188819562,14.255182869004535,2321.3798779677727,143.5925414532337,4.718410727587947e-15,2464.9724194210066,2321.3798779677727,2464.9724194210066
18,276.14273397619047,0.35709430836932604,-0.1362250232082022,278.16,276.16,274.39,76254.93704419017,-857245861.3032768,0.0,0.0,,0.0,0.0,0.0,2497.8515625,678.2958984375,0.0,3176.1474609375,2497.8515625,1819.5556640625,1132.3091772362536,182.26521049692192,1.8457379070074888e-15,1314.5743877331756,1132.3091772362536,950.0439667393318,16.175900634371555,1.9085688794598958,0.0,18.08446951383145,16.175900634371555,14.267331754911659,2318.0815625882883,145.87182218676435,0.0,2463.9533847750527,2318.0815625882883,2463.9533847750527
19,274.5594282202381,4.370712345208427,-1.8457765175416214,278.01,276.591,259.44,75401.98275102863,-846846492.4133879,0.0,0.0,,0.0,0.0,0.0,2535.53466796875,694.44580078125,0.0,3229.98046875,2535.53466796875,1841.0888671875,1142.6483070629054,187.29969155951017,0.0,1329.9479986224155,1142.6483070629054,955.3486155033952,16.25098949401523,2.01084215530274,0.0,18.26183164931797,16.25098949401523,14.24014733871249,2325.720255444872,148.6190052926513,0.0,2474.339260737523,2325.720255444872,2474.339260737523
20,273.25417546428565,6.1803656184620435,-1.1253478598344733,279.93333333333334,276.97700000000003,260.07000000000005,74706.0413278445,-838375842.6297238,0.0,0.0,,0.0,0.0,0.0,2524.76806640625,662.14599609375,0.0,3186.9140625,2524.76806640625,1862.6220703125,1137.6318351139566,177.73362051106722,-1.990547808802398e-15,1315.3654556250237,1137.6318351139566,959.8982146028893,16.250734804446548,2.036947189511384,0.0,18.287681993957932,16.250734804446548,14.213787614935164,2323.216159849568,141.47584025831202,0.0,2464.69200010788,2323.216159849568,2464.69200010788
21,277.7360790833333,0.45618217443198894,0.4283243479955844,279.29,277.626,276.74000000000007,77137.53772675985,-868055764.8360326,0.0,0.0,,0.0,0.0,0.0,2503.23486328125,683.67919921875,0.0,3186.9140625,2503.23486328125,1819.5556640625,1133.3478805203858,181.96857973625578,1.0046719345437164e-15,1315.3164602566417,1133.3478805203858,951.3793007841301,16.173131216388168,1.9104478621370937,0.0,18.08357907852526,16.173131216388168,14.262683354251074,2318.8805180950317,145.55556947292644,0.0,2464.436087567958,2318.8805180950317,2464.436087567958
22,274.52482744047614,7.032814942481509,-1.0815267144635128,280.74,278.67,260.8,75413.34136723842,-847045568.1463592,0.0,0.0,,0.0,0.0,0.0,2530.1513671875,667.529296875,0.0,3197.6806640625,2530.1513671875,1862.6220703125,1140.4074365092465,178.9779216505724,0.0,1319.385358159819,1140.4074365092465,961.4295148586741,16.177170536171698,1.9652974142357102,0.0,18.142467950407408,16.177170536171698,14.211873121935987,2324.7252815796064,142.36488446852331,-4.760839168914584e-15,2467.0901660481295,2324.7252815796064,2467.0901660481295
23,279.92229426190477,0.3820735606166605,-0.18128835604565122,280.86,279.92,278.4,78356.63680505414,-883003265.5523324,0.0,0.0,,0.0,0.0,0.0,2497.8515625,678.2958984375,0.0,3176.1474609375,2497.8515625,1819.5556640625,1132.8801240028247,181.894149052001,0.0,1314.7742730548257,1132.8801240028247,950.9859749508237,16.182095509897255,1.8975641918140234,0.0,18.07965970171128,16.182095509897255,14.284531318083232,2318.630232873944,145.45416328739793,0.0,2464.084396161342,2318.630232873944,2464.084396161342
24,276.8436597976191,6.406302654739984,-1.2406491371547133,281.8,280.445,262.1,76683.45268384396,-862573901.7073516,0.0,0.0,,0.0,0.0,0.0,2530.1513671875,667.529296875,0.0,3197.6806640625,2530.1513671875,1862.6220703125,1139.43334766737,180.95202011702338,1.886214454149112e-15,1320.3853677843936,1139.43334766737,958.4813275503468,16.10556806703753,2.091568276504539,0.0,18.19713634354207,16.10556806703753,14.013999790532992,2323.7997372036425,144.08018076559756,0.0,2467.87991796924,2323.7997372036425,2467.87991796924
25,280.67940561309524,0.3993172507680232,0.28207233132479304,281.8,280.67,279.24,78781.0881895872,-888212045.157819,0.0,0.0,,0.0,0.0,0.0,2497.8515625,678.2958984375,0.0,3176.1474609375,2497.8515625,1819.5556640625,1132.6696762258805,181.72458488296502,0.0,1314.3942611088455,1132.6696762258805,950.9450913429155,16.168532291782853,1.8988889679762835,0.0,18.067421259759136,16.168532291782853,14.26964332380657,2318.539658212948,145.41819305934519,-4.69435140683257e-15,2463.957851272293,2318.539658212948,2463.957851272293
26,277.99693160714287,6.411391979389886,-1.3327874382626306,283.26,281.62,263.44,77323.39993009984,-870414353.3775656,0.0,0.0,,0.0,0.0,0.0,2530.1513671875,667.529296875,0.0,3197.6806640625,2530.1513671875,1862.6220703125,1139.2445808418415,180.5250281061268,1.82047913857917e-15,1319.7696089479684,1139.2445808418415,958.7195527357148,16.18057733797017,2.0319717740262817,0.0,18.212549111996452,16.18057733797017,14.148605563943889,2323.6213382593487,143.74842953197435,-4.703076717763741e-15,2467.369767791323,2323.6213382593487,2467.369767791323
27,282.75024053571434,0.5088413642898216,-0.09096025517696198,284.72,282.77,280.0733333333333,79947.95744253829,-902543496.1523211,0.0,0.0,,0.0,0.0,0.0,2497.8515625,678.2958984375,0.0,3176.1474609375,2497.8515625,1819.5556640625,1132.566039636593,181.8554176873442,1.0065486148705913e-15,1314.4214573239371,1132.566039636593,950.7106219492488,16.18632673828823,1.8954720998308758,0.0,18.081798838119106,16.18632673828823,14.290854638457354,2318.386258565579,145.43539445172382,0.0,2463.8216530173027,2318.386258565579,2463.8216530173027
28,281.64084739285715,5.221201038959019,-1.7915780440814482,287.17,284.01,265.74,79348.82786045587,-895236353.1295592,0.0,0.0,,0.0,0.0,0.0,2530.1513671875,689.0625,0.0,3219.2138671875,2530.1513671875,1841.0888671875,1141.5151282643285,185.77336428626108,0.0,1327.2884925505896,1141.5151282643285,955.7417639780674,16.0388471443045,2.0453212082283407,0.0,18.084168352532842,16.0388471443045,13.99352593607616,2324.589010277802,147.68089044977364,4.626442893925289e-15,2472.269900727576,2324.589010277802,2472.269900727576
29,282.4373500238096,5.807173229442732,-1.6013807559867173,287.35,285.22249999999997,266.29,79804.57994938866,-900847811.9353081,0.0,0.0,,0.0,0.0,0.0,2524.76806640625,662.14599609375,0.0,3186.9140625,2524.76806640625,1862.6220703125,1137.0505229390596,179.47516762826547,1.933162104911881e-15,1316.5256905673252,1137.0505229390596,957.5753553107943,16.18320254857405,2.0998524797989475,0.0,18.283055028373,16.18320254857405,14.083350068775104,2322.0577613959003,143.20267259036405,4.83633754201667e-15,2465.2604339862646,2322.0577613959003,2465.2604339862646
30,283.9155863809524,5.911509698810394,-1.5026025922703166,289.72,286.9,267.32,80643.00613695917,-911156681.9268378,0.0,0.0,,0.0,0.0,0.0,2487.0849609375,721.3623046875,0.0,3208.447265625,2487.0849609375,1765.72265625,1130.1571568784746,192.94007178377774,0.0,1323.0972286622523,1130.1571568784746,937.2170850946968,16.13660455597686,2.1442278996406685,0.0,18.280832455617528,16.13660455597686,13.99237665633619,2314.4204004663757,154.85350934962753,0.0,2469.273909816003,2314.4204004663757,2469.273909816003
31,287.5916622857143,3.4457591684880113,-4.05951074860525,290.29,288.47,267.9,82720.83747250757,-936690159.8249316,0.0,0.0,,0.0,0.0,0.0,2438.63525390625,662.14599609375,0.0,3100.78125,2438.63525390625,1776.4892578125,1114.3327045730039,175.4962786433772,-1.895348517365133e-15,1289.828983216381,1114.3327045730039,938.8364259296266,16.391547685595043,1.780129600406383,0.0,18.171677286001426,16.391547685595043,14.61141808518866,2307.7874956810497,144.61838598473696,0.0,2452.4058816657866,2307.7874956810497,2452.4058816657866
32,286.76078252380955,5.667893699078355,-1.907436218515478,293.12,289.16,269.11,82263.87141265163,-931100198.5414206,0.0,0.0,,0.0,0.0,0.0,2519.384765625,667.529296875,0.0,3186.9140625,2519.384765625,1851.85546875,1137.224993402588,180.34776755799487,1.9846221348897227e-15,1317.572760960583,1137.224993402588,956.8772258445933,16.120652846949067,1.7551776423651297,0.0,17.875830489314197,16.120652846949067,14.365475204583937,2321.949897046386,143.8934329884205,0.0,2465.8433300348065,2321.949897046386,2465.8433300348065
33,290.41218711904764,0.7892160769849752,-2.90402704676529,294.4200000000001,290.59,284.03,84339.8612892849,-956635386.5860302,0.0,0.0,,0.0,0.0,0.0,2487.0849609375,689.0625,0.0,3176.1474609375,2487.0849609375,1798.0224609375,1130.470601690657,183.43932283232368,-1.8105230596353896e-15,1313.9099245229806,1130.470601690657,947.0312788583333,16.17886702799984,1.8920913167952271,0.0,18.070958344795066,16.17886702799984,14.286775711204612,2316.238523946673,147.0660395596326,-4.68471226014926e-15,2463.3045635063054,2316.238523946673,2463.3045635063054
34,288.8207588690476,5.713869411034949,-1.4916731242465846,303.3,291.11,270.92,83450.0790573389,-945721256.7431066,0.0,0.0,,0.0,0.0,0.0,2535.53466796875,694.44580078125,0.0,3229.98046875,2535.53466796875,1841.0888671875,1142.7944147348803,186.82843574184653,0.0,1329.6228504767269,1142.7944147348803,955.9659789930338,16.27689838888663,1.804274862614335,0.0,18.081173251500964,16.27689838888663,14.472623526272294,2325.989135034328,148.50973024202517,-4.620497799291508e-15,2474.4988652763527,2325.989135034328,2474.4988652763527
35,289.25500751190475,5.919479146347077,-1.8710035026256833,292.71,291.89,272.78,83703.49960407612,-948851353.764764,0.0,0.0,,0.0,0.0,0.0,2492.46826171875,683.67919921875,0.0,3176.1474609375,2492.46826171875,1808.7890625,1131.1168637083115,183.8503048860747,1.9482757240256145e-15,1314.9671685943863,1131.1168637083115,947.2665588222369,16.201620808385027,1.9170430810983952,0.0,18.11866388948342,16.201620808385027,14.284577727286631,2317.1551153274386,147.18915414001094,0.0,2464.3442694674495,2317.1551153274386,2464.3442694674495
36,291.52574961904764,3.5914277137915724,-3.9256060316508794,294.9,292.56,271.98,85000.16104397105,-964811917.9907879,0.0,0.0,,0.0,0.0,0.0,2400.9521484375,710.595703125,0.0,3111.5478515625,2400.9521484375,1690.3564453125,1106.6091203716187,187.9178414769002,1.824481384733259e-15,1294.526961848519,1106.6091203716187,918.6912788947186,16.250055576034033,1.8674401415100128,0.0,18.117495717544045,16.250055576034033,14.38261543452402,2296.1916140687827,153.97111395724482,4.464989308000432e-15,2450.1627280260277,2296.1916140687827,2450.1627280260277
37,279.9038082261905,6.131783907960847,-0.14242704830931607,291.94,282.642,271.62,78383.74063341794,-883410621.9906774,0.0,0.0,,0.0,0.0,0.0,2481.70166015625,683.67919921875,0.0,3165.380859375,2481.70166015625,1798.0224609375,1128.9717061748138,182.20829539943458,-8.467561973937667e-16,1311.1800015742483,1128.9717061748138,946.7634107753792,16.20786134923001,1.7827876345533191,0.0,17.99064898378333,16.20786134923001,14.425073714676692,2315.273583514966,146.35713651340734,4.678848429345722e-15,2461.6307200283736,2315.273583514966,2461.6307200283736
38,280.2529129166667,0.844559075090325,1.071344585216214,283.14,280.05,279.17,78542.40847830808,-885283859.2290679,0.0,0.0,,0.0,0.0,0.0,2519.384765625,678.2958984375,0.0,3197.6806640625,2519.384765625,1841.0888671875,1135.4807473739452,183.22321938123378,0.0,1318.703966755179,1135.4807473739452,952.2575279927114,16.155133606514525,1.9077046448634718,0.0,18.062838251377997,16.155133606514525,14.247428961651053,2320.585359705661,146.24205776853046,-4.6154596664572165e-15,2466.8274174741914,2320.585359705661,2466.8274174741914
39,280.08186907142857,0.2831207961034026,-3.9801481160137704,280.66,280.11,276.7,78445.93353993005,-884098768.5357581,0.0,0.0,,0.0,0.0,0.0,2497.8515625,678.2958984375,0.0,3176.1474609375,2497.8515625,1819.5556640625,1132.313300835616,182.11943141103603,-1.002177457022671e-15,1314.432732246652,1132.313300835616,950.1938694245799,16.17512754663709,1.9022607853300748,0.0,18.077388331967164,16.17512754663709,14.272866761307014,2318.119977279493,145.74960711495578,0.0,2463.869584394449,2318.119977279493,2463.869584394449
40,280.8254433988095,0.31719755800334376,0.21737886789934457,281.5,280.76,279.96,78863.03027442879,-889217762.2930429,0.0,0.0,,0.0,0.0,0.0,2497.8515625,678.2958984375,0.0,3176.1474609375,2497.8515625,1819.5556640625,1132.1925447663461,181.881600470311,0.0,1314.0741452366572,1132.1925447663461,950.3109442960351,16.18735039863589,1.907491281827273,0.0,18.094841680463162,16.18735039863589,14.279859116808616,2318.2021761050655,145.64325597228094,4.597257559905666e-15,2463.8454320773467,2318.2021761050655,2463.8454320773467
41,281.7450732380952,0.25310035750122145,-0.02657326047984732,282.3575,281.78,281.25,79380.35035373062,-895569728.2010502,0.0,0.0,,0.0,0.0,0.0,2497.8515625,678.2958984375,0.0,3176.1474609375,2497.8515625,1819.5556640625,1132.4856937429108,181.77327751904784,1.8607638586497683e-15,1314.2589712619588,1132.4856937429108,950.7124162238631,16.178769927193237,1.9014626251453777,0.0,18.080232552338614,16.178769927193237,14.27730730204786,2318.30413733384,145.43251268764516,0.0,2463.7366500214853,2318.30413733384,2463.7366500214853
42,282.56559735714285,0.13622202318831972,0.43065175267196404,282.97,282.54,282.32,79843.33536623859,-901257369.5244435,0.0,0.0,,0.0,0.0,0.0,2497.8515625,678.2958984375,0.0,3176.1474609375,2497.8515625,1819.5556640625,1132.3794394188712,181.9342207848532,1.855830000174805e-15,1314.3136602037246,1132.3794394188712,950.4452186340181,16.17943789962813,1.9060646652081452,0.0,18.085502564836275,16.17943789962813,14.273373234419985,2318.219535701107,145.58575447665112,4.602706999844187e-15,2463.8052901777583,2318.219535701107,2463.8052901777583
43,283.48920364285715,0.3281869728200574,-0.2231148599094148,284.01,283.52,282.88,80366.23628875047,-907684569.6348567,0.0,0.0,,0.0,0.0,0.0,2497.8515625,678.2958984375,0.0,3176.1474609375,2497.8515625,1819.5556640625,1132.118530409276,181.96445979921236,0.0,1314.0829902084884,1132.118530409276,950.1540706100636,16.18344836206472,1.9053860546204398,0.0,18.08883441668516,16.18344836206472,14.27806230744428,2317.9684809404907,145.61465805808075,0.0,2463.5831389985715,2317.9684809404907,2463.5831389985715
44,284.21420614285717,0.11349385905583526,-0.5845621187618308,284.59,284.25,283.90000000000003,80777.72785427055,-912744452.7569538,0.0,0.0,,0.0,0.0,0.0,2497.8515625,678.2958984375,0.0,3176.1474609375,2497.8515625,1819.5556640625,1132.223990409891,181.95992909460847,0.0,1314.1839195044995,1132.223990409891,950.2640613152826,16.18217429021835,1.9081043270857592,0.0,18.090278617304108,16.18217429021835,14.27406996313259,2318.0555785080423,145.59071042020787,0.0,2463.64628892825,2318.0555785080423,2463.64628892825
45,284.53027576190476,0.15283879146122437,0.1996690393099729,284.98,284.5,284.25,80957.50118484175,-914955787.8858328,0.0,0.0,,0.0,0.0,0.0,2497.8515625,678.2958984375,0.0,3176.1474609375,2497.8515625,1819.5556640625,1132.633883646472,182.1013666367245,-1.8507244428638595e-15,1314.7352502831964,1132.633883646472,950.5325170097474,16.18308586659139,1.9109115252256217,0.0,18.093997391817012,16.18308586659139,14.27217434136577,2318.3642818432563,145.6909368549966,4.743327160402664e-15,2464.055218698253,2318.3642818432563,2464.055218698253
46,284.7346155714286,0.10840034595396289,0.9624341002196118,285.32,284.716,284.46,81073.81305524422,-916386679.5473301,0.0,0.0,,0.0,0.0,0.0,2497.8515625,678.2958984375,0.0,3176.1474609375,2497.8515625,1819.5556640625,1132.6079156550215,182.27557921333272,9.227114707155547e-16,1314.8834948683543,1132.6079156550215,950.3323364416889,16.182837475712624,1.9141582144468856,0.0,18.09699569015951,16.182837475712624,14.268679261265738,2318.3532928578834,145.8100441620818,0.0,2464.163337019965,2318.3532928578834,2464.163337019965
47,282.48574252380956,2.7389728873362644,-0.6401223719145179,286.68,283.91,277.53,79805.69670170557,-900809816.4257613,0.0,0.0,,0.0,0.0,0.0,2497.8515625,678.2958984375,0.0,3176.1474609375,2497.8515625,1819.5556640625,1132.2625190274728,182.6737288317509,-9.930822167433133e-16,1314.9362478592236,1132.2625190274728,949.5887901957218,16.17662760058717,1.958590260365174,0.0,18.135217860952345,16.17662760058717,14.218037340221997,2317.9352648170625,146.25489270521007,4.614244652047328e-15,2464.190157522273,2317.9352648170625,2464.190157522273
48,282.21179227380946,0.9387214212423061,-0.4925811943542903,283.61000000000007,282.53,280.08,79644.37689630252,-898814575.7271669,0.0,0.0,,0.0,0.0,0.0,2497.8515625,678.2958984375,0.0,3176.1474609375,2497.8515625,1819.5556640625,1130.964291490743,181.06538082432064,-1.8826739303497134e-15,1312.0296723150636,1130.964291490743,949.8989106664224,16.19607913210482,1.906642602887068,0.0,18.10272173499189,16.19607913210482,14.289436529217753,2316.9362151981377,144.95732282722565,0.0,2461.8935380253633,2316.9362151981377,2461.8935380253633
49,284.12303903571427,0.5270751701162821,0.3749159999100975,286.68,284.16375000000005,281.61000000000007,80726.17911912498,-912110977.7639215,0.0,0.0,,0.0,0.0,0.0,2497.8515625,678.2958984375,0.0,3176.1474609375,2497.8515625,1819.5556640625,1132.5893359760612,181.65352729052427,1.8644462615005768e-15,1314.2428632665856,1132.5893359760612,950.935808685537,16.180240248712675,1.9054257105950434,0.0,18.08566595930772,16.180240248712675,14.274814538117631,2318.4513451397816,145.27666698890903,4.784021092277137e-15,2463.728012128691,2318.4513451397816,2463.728012128691
50,284.8532251547619,0.2752565310258269,-0.5553385376341224,286.38,284.89,283.71,81141.43564722736,-917218804.2874575,0.0,0.0,,0.0,0.0,0.0,2497.8515625,678.2958984375,0.0,3176.1474609375,2497.8515625,1819.5556640625,1132.4651204899212,181.94663218985517,-8.504146944043022e-16,1314.4117526797763,1132.4651204899212,950.518488300066,16.174378706739535,1.9131512881863948,0.0,18.08752999492593,16.174378706739535,14.26122741855314,2318.2767230312393,145.5447184870161,-4.682119318240918e-15,2463.821441518255,2318.2767230312393,2463.821441518255
51,285.36467614285715,0.19357208095874234,0.30040704957818015,286.38,285.38,284.22,81433.03586026827,-920807085.2254397,0.0,0.0,,0.0,0.0,0.0,2497.8515625,678.2958984375,0.0,3176.1474609375,2497.8515625,1819.5556640625,1132.2964114426777,181.9402227024633,1.8556463436228555e-15,1314.2366341451411,1132.2964114426777,950.3561887402145,16.186190956933693,1.9046152796147098,0.0,18.090806236548403,16.186190956933693,14.281575677318983,2318.1662047164723,145.56994099111444,0.0,2463.7361457075867,2318.1662047164723,2463.7361457075867
52,285.7250466785714,0.30897031566270156,-1.7531124180875053,287.22,285.73,283.24,81638.89776212779,-923341113.9068784,0.0,0.0,,0.0,0.0,0.0,2497.8515625,678.2958984375,0.0,3176.1474609375,2497.8515625,1819.5556640625,1132.623642127886,182.1356775572217,0.0,1314.7593196851076,1132.623642127886,950.4879645706642,16.17415200130999,1.8887169428486175,0.0,18.06286894415861,16.17415200130999,14.285435058461374,2318.2796652080206,145.76183443206514,4.7364091589652016e-15,2464.041499640086,2318.2796652080206,2464.041499640086
53,285.88621998809526,0.19519881589398005,4.159519840244479,288.65,285.89000000000004,285.22,81730.96888165933,-924474452.3868879,0.0,0.0,,0.0,0.0,0.0,2497.8515625,678.2958984375,0.0,3176.1474609375,2497.8515625,1819.5556640625,1132.558584965085,182.059064065815,-1.0031746969344256e-15,1314.6176490308999,1132.558584965085,950.4995208992699,16.177339350642132,1.9086007576088555,0.0,18.085940108250988,16.177339350642132,14.268738593033277,2318.379521605858,145.66934099167543,-4.670112706897676e-15,2464.048862597533,2318.379521605858,2464.048862597533
54,286.22576141666667,0.2092341165935179,-1.5079140226881567,286.89000000000004,286.22,284.73,81925.23027746614,-926866282.9331672,0.0,0.0,,0.0,0.0,0.0,2497.8515625,678.2958984375,0.0,3176.1474609375,2497.8515625,1819.5556640625,1132.5529983377303,182.12948866519332,0.0,1314.6824870029236,1132.5529983377303,950.423509672537,16.187485524961605,1.9032926492933235,0.0,18.09077817425493,16.187485524961605,14.284192875668282,2318.29282876845,145.75571471128228,4.737005774719793e-15,2464.0485434797324,2318.29282876845,2464.0485434797324
55,286.58709595238093,0.3274956515325539,0.12910094899268348,288.56,286.62,285.19,82132.27081982097,-929416077.9334747,0.0,0.0,,0.0,0.0,0.0,2497.8515625,678.2958984375,0.0,3176.1474609375,2497.8515625,1819.5556640625,1132.552082469553,182.10144700456993,1.002474412600578e-15,1314.653529474123,1132.552082469553,950.4506354649831,16.1846942436226,1.8965690603361054,0.0,18.081263303958707,16.1846942436226,14.288125183286496,2318.231679941653,145.63893354596985,0.0,2463.870613487623,2318.231679941653,2463.870613487623
56,282.82671779761904,2.931596530439922,-0.19206365171808662,287.13,283.39,277.86,79999.54655839133,-903194156.7841458,0.0,0.0,,0.0,0.0,0.0,2514.00146484375,672.91259765625,0.0,3186.9140625,2514.00146484375,1841.0888671875,1135.8522361514185,181.41212988731223,-9.359494938456104e-16,1317.2643660387307,1135.8522361514185,954.4401062641062,16.225364062462525,1.9825317083479987,0.0,18.207895770810524,16.225364062462525,14.242832354114526,2321.0921960855376,144.7359430552101,0.0,2465.8281391407477,2321.0921960855376,2465.8281391407477
57,285.8749397202381,1.154582451801503,-0.9682124378205839,287.25,286.23,282.871,81725.81422068778,-924413578.8952605,0.0,0.0,,0.0,0.0,0.0,2492.46826171875,672.91259765625,0.0,3165.380859375,2492.46826171875,1819.5556640625,1130.0486238753067,180.94747216937304,-8.645801461459766e-16,1310.9960960446797,1130.0486238753067,949.1011517059336,16.201943928171815,1.9005103160871712,0.0,18.102454244258986,16.201943928171815,14.301433612084644,2316.478219567395,145.06838795195767,-4.652127604559525e-15,2461.5466075193526,2316.478219567395,2461.5466075193526
58,287.60588176190475,0.2782978677523238,0.3678514644654782,289.41,287.59,286.95,82717.22067374595,-936622389.3001896,0.0,0.0,,0.0,0.0,0.0,2497.8515625,678.2958984375,0.0,3176.1474609375,2497.8515625,1819.5556640625,1132.2806538071325,181.9852159063218,9.271351694910916e-16,1314.2658697134543,1132.2806538071325,950.2954379008107,16.194791155062912,1.9241585953979374,0.0,18.11894975046085,16.194791155062912,14.270632559664975,2318.082384381579,145.71983211498468,-4.665259883378239e-15,2463.8022164965632,2318.082384381579,2463.8022164965632
59,288.41342661904764,0.19238460565436716,-0.7190789572861457,288.9,288.47,287.89000000000004,83182.34166597725,-942355384.7898357,0.0,0.0,,0.0,0.0,0.0,2497.8515625,678.2958984375,0.0,3176.1474609375,2497.8515625,1819.5556640625,1132.1212758582478,182.0082496166965,0.0,1314.1295254749443,1132.1212758582478,950.1130262415513,16.182654613503587,1.905568062910902,0.0,18.08822267641449,16.182654613503587,14.277086550592685,2317.9894289949116,145.6787544293677,4.669207448450745e-15,2463.6681834242795,2317.9894289949116,2463.6681834242795
60,289.00022077380953,0.24430911609689318,1.2266754645435785,290.65,288.93,288.53,83521.18729425484,-946533676.1235495,0.0,0.0,,0.0,0.0,0.0,2497.8515625,678.2958984375,0.0,3176.1474609375,2497.8515625,1819.5556640625,1132.4086208421156,181.9330180120357,1.0052611874022269e-15,1314.3416388541514,1132.4086208421156,950.47560283008,16.177140240180787,1.899849810753782,0.0,18.07699005093457,16.177140240180787,14.277290429427005,2318.24061888664,145.5725860822556,4.7549055689543134e-15,2463.8132049688957,2318.24061888664,2463.8132049688957
61,290.21759036904757,0.5852810018423579,0.38742470586057914,292.39,290.17,289.14,84226.59231346744,-955236870.7593063,0.0,0.0,,0.0,0.0,0.0,2497.8515625,678.2958984375,0.0,3176.1474609375,2497.8515625,1819.5556640625,1132.276623624978,181.6562809549029,9.321807376543477e-16,1313.9329045798809,1132.276623624978,950.620342670075,16.18704762073864,1.8961375487121472,0.0,18.083185169450786,16.18704762073864,14.290910072026492,2318.164601744185,145.26514627271126,0.0,2463.429748016896,2318.164601744185,2463.429748016896
62,287.0026723809524,2.3768162949713476,-0.5005069697000806,291.17,287.38,282.52,82376.18320950832,-932431553.8502094,0.0,0.0,,0.0,0.0,0.0,2519.384765625,678.2958984375,0.0,3197.6806640625,2519.384765625,1841.0888671875,1137.460747534727,181.8526886881109,0.0,1319.313436222838,1137.460747534727,955.6080588466161,16.180484566843802,1.9613630855244892,0.0,18.14184765236829,16.180484566843802,14.219121481319313,2322.2652080612993,144.83708122315602,0.0,2467.1022892844553,2322.2652080612993,2467.1022892844553
63,289.8208939285714,0.7554479608325572,-0.7582135237171812,290.73,290.07166666666666,287.94,83996.72125917778,-952400740.2691579,0.0,0.0,,0.0,0.0,0.0,2497.8515625,678.2958984375,0.0,3176.1474609375,2497.8515625,1819.5556640625,1131.056838792129,181.4265451609686,-8.577492124158465e-16,1312.4833839530975,1131.056838792129,949.6302936311603,16.194355356521076,1.9034241890664099,0.0,18.097779545587485,16.194355356521076,14.290931167454666,2317.2211785287996,145.37419662943876,0.0,2462.5953751582383,2317.2211785287996,2462.5953751582383
64,290.8706257738095,0.1563107628871248,0.03646018985112615,291.24,290.85,290.36,84605.74537110214,-959916315.1867386,0.0,0.0,,0.0,0.0,0.0,2497.8515625,678.2958984375,0.0,3176.1474609375,2497.8515625,1819.5556640625,1132.5949752001911,181.93058527346943,0.0,1314.5255604736606,1132.5949752001911,950.6643899267217,16.178878909812312,1.9046096963988504,0.0,18.083488606211162,16.178878909812312,14.274269213413461,2318.3964296715826,145.4701749029059,0.0,2463.8666045744885,2318.3964296715826,2463.8666045744885
65,291.24209632142856,0.3762453433524136,-2.9460399949498433,292.28,291.3165,288.56,84822.10023025867,-962587890.0940025,0.0,0.0,,0.0,0.0,0.0,2497.8515625,678.2958984375,0.0,3176.1474609375,2497.8515625,1819.5556640625,1132.9159052251994,182.10946253292218,0.0,1315.0253677581215,1132.9159052251994,950.8064426922772,16.186055159079164,1.9031131513755462,0.0,18.08916831045471,16.186055159079164,14.282942007703618,2318.7713121262796,145.7320859686081,-4.664083149965614e-15,2464.5033980948874,2318.7713121262796,2464.5033980948874
66,291.7057579404762,0.33379042454915775,2.421878838073889,294.4,291.69000000000005,289.56,85092.36063167521,-965925520.0625527,0.0,0.0,,0.0,0.0,0.0,2497.8515625,678.2958984375,0.0,3176.1474609375,2497.8515625,1819.5556640625,1132.376533048055,181.87642321050737,1.8575998265302254e-15,1314.2529562585626,1132.376533048055,950.5001098375478,16.19558754601842,1.923005623107688,0.0,18.118593169126108,16.19558754601842,14.272581922910732,2318.2186946067263,145.50867542550577,0.0,2463.727370032232,2318.2186946067263,2463.727370032232
67,288.3235417619047,3.3441063669182296,-0.44768723457969106,292.18,288.4100000000001,281.825,83141.6477815221,-941875940.5236115,0.0,0.0,,0.0,0.0,0.0,2514.00146484375,672.91259765625,0.0,3186.9140625,2514.00146484375,1841.0888671875,1134.4199986436422,181.62937981480832,0.0,1316.0493784584505,1134.4199986436422,952.7906188288339,16.154445414302266,1.8919913347747581,0.0,18.046436749077024,16.154445414302266,14.262454079527508,2319.979002079066,145.1722348969754,4.642151239516641e-15,2465.1512369760417,2319.979002079066,2465.1512369760417
68,290.8614198809524,1.1524970644800252,-1.10503884526937,293.48,291.26099999999997,287.494,84601.69382464733,-959868899.6064178,0.0,0.0,,0.0,0.0,0.0,2492.46826171875,672.91259765625,0.0,3165.380859375,2492.46826171875,1819.5556640625,1129.5951105488298,180.70763941661608,0.0,1310.3027499654459,1129.5951105488298,948.8874711322137,16.194656026546333,1.8630702589544939,0.0,18.057726285500827,16.194656026546333,14.33158576759184,2316.173834492774,144.9772455948705,0.0,2461.1510800876445,2316.173834492774,2461.1510800876445
69,292.4819387261905,0.5619300022467999,-2.1674071948917444,295.25,292.63,288.29,85546.00024635845,-971530261.0590417,0.0,0.0,,0.0,0.0,0.0,2497.8515625,678.2958984375,0.0,3176.1474609375,2497.8515625,1819.5556640625,1132.2497916527054,182.32460660076197,-1.843934629894278e-15,1314.5743982534673,1132.2497916527054,949.9251850519433,16.175130504672182,1.8875746925937094,0.0,18.062705197265892,16.175130504672182,14.287555812078473,2317.966857654904,145.97267564089884,-4.71591514843246e-15,2463.9395332958024,2317.966857654904,2463.9395332958024
70,293.3038868571429,0.3293828502702479,3.9001587095598675,296.43,293.33,292.45,86027.27853856972,-977478263.1900477,0.0,0.0,,0.0,0.0,0.0,2497.8515625,678.2958984375,0.0,3176.1474609375,2497.8515625,1819.5556640625,1132.151479481005,181.93077281282888,-1.9332661644350492e-15,1314.0822522938338,1132.151479481005,950.220706668176,16.181182446592583,1.8992549249524835,0.0,18.080437371545067,16.181182446592583,14.2819275216401,2318.0234804694596,145.60156481276044,0.0,2463.62504528222,2318.0234804694596,2463.62504528222
71,293.73141964285713,0.20483513143971424,2.444958133119969,295.37,293.7333928571428,293.2625,86278.18884283933,-980580353.8950815,0.0,0.0,,0.0,0.0,0.0,2497.8515625,678.2958984375,0.0,3176.1474609375,2497.8515625,1819.5556640625,1132.4356591828855,182.14683372716496,-9.246694337695139e-16,1314.5824929100504,1132.4356591828855,950.2888254557205,16.190907599393608,1.916587173326679,0.0,18.107494772720287,16.190907599393608,14.274320426066929,2318.2193178344787,145.74656203953464,0.0,2463.9658798740134,2318.2193178344787,2463.9658798740134
72,293.5728130952381,1.2172830003917607,-0.9383100455535155,297.55,293.93,290.62000000000006,86186.47836655464,-979449247.8746666,0.0,0.0,,0.0,0.0,0.0,2492.46826171875,683.67919921875,0.0,3176.1474609375,2492.46826171875,1808.7890625,1130.765690947259,183.5404468856433,-1.8075321127744865e-15,1314.306137832902,1130.765690947259,947.2252440616155,16.211993022422856,1.9436414790029097,0.0,18.155634501425766,16.211993022422856,14.268351543419946,2316.6279789535665,147.20502283386827,-4.671455604261793e-15,2463.8330017874346,2316.6279789535665,2463.8330017874346
73,290.3385320357143,3.01135303099604,-0.8950380133343259,294.06,291.69500000000005,284.04999999999995,84305.53143173078,-956228510.612354,0.0,0.0,,0.0,0.0,0.0,2519.384765625,678.2958984375,0.0,3197.6806640625,2519.384765625,1841.0888671875,1137.283134817532,184.09391368857678,0.0,1321.3770485061088,1137.283134817532,953.1892211289553,16.140468318542595,1.9876284035515042,0.0,18.1280967220941,16.140468318542595,14.152839914991091,2321.8349629549048,146.6492922034979,-4.5771159525855465e-15,2468.4842551584024,2321.8349629549048,2468.4842551584024
74,293.84177900000003,0.6424769339326287,1.7757338163943344,298.13,293.87199999999996,290.96000000000004,86343.40386249548,-981387526.5646659,0.0,0.0,,0.0,0.0,0.0,2497.8515625,678.2958984375,0.0,3176.1474609375,2497.8515625,1819.5556640625,1132.084841458292,181.83279565085928,-1.0069243393771212e-15,1313.9176371091512,1132.084841458292,950.2520458074326,16.188947548787606,1.940489425291542,0.0,18.129436974079148,16.188947548787606,14.248458123496064,2317.9144274712753,145.54860261564954,0.0,2463.463030086925,2317.9144274712753,2463.463030086925
75,294.6388059880952,0.32514073968689217,0.12100777426387214,296.49000000000007,294.69000000000005,292.94,86812.13171059104,-987184511.0484312,0.0,0.0,,0.0,0.0,0.0,2497.8515625,678.2958984375,0.0,3176.1474609375,2497.8515625,1819.5556640625,1132.260891508653,181.84793536388497,0.0,1314.108826872538,1132.260891508653,950.412956144768,16.175650554230582,1.9071015590112204,0.0,18.082752113241803,16.175650554230582,14.268548995219362,2318.1143983764196,145.49449437347016,4.611373452298676e-15,2463.60889274989,2318.1143983764196,2463.60889274989
76,295.2952930833334,0.40968287471636333,1.991829050682314,298.49000000000007,295.262,293.29,87199.47795722957,-991977553.1924641,0.0,0.0,,0.0,0.0,0.0,2497.8515625,678.2958984375,0.0,3176.1474609375,2497.8515625,1819.5556640625,1132.661084022298,181.93985829114004,-1.8556574937891856e-15,1314.6009423134378,1132.661084022298,950.7212257311578,16.18022516331091,1.9164558841584984,0.0,18.09668104746941,16.18022516331091,14.263769279152413,2318.417199820421,145.60337712025262,4.6764627992572304e-15,2464.020576940674,2318.417199820421,2464.020576940674
77,295.09651796428574,1.3270325348229874,-2.1006260102950676,296.15,295.72,286.55000000000007,87083.71592999449,-990548139.4721662,0.0,0.0,,0.0,0.0,0.0,2470.93505859375,705.21240234375,0.0,3176.1474609375,2470.93505859375,1765.72265625,1126.8584446079653,187.6494759404253,1.7618465301862375e-15,1314.5079205483908,1126.8584446079653,939.2089686675401,16.17347498457556,1.8973984610233963,0.0,18.070873445598956,16.17347498457556,14.276076523552163,2312.805034005279,151.16507384955594,0.0,2463.970107854835,2312.805034005279,2463.970107854835
78,291.87815792857145,2.4878884037596394,-0.8763276844899263,295.48,292.80999999999995,285.91,85199.04866448564,-967255468.2497511,0.0,0.0,,0.0,0.0,0.0,2492.46826171875,672.91259765625,0.0,3165.380859375,2492.46826171875,1819.5556640625,1129.2569893869038,180.4348045922893,0.0,1309.691793979193,1129.2569893869038,948.8221847946145,16.230486316171014,1.9002323906225307,0.0,18.130718706793544,16.230486316171014,14.330253925548483,2315.90083250893,144.79122035523346,4.755598075945082e-15,2460.6920528641635,2315.90083250893,2460.6920528641635
79,295.13156739285716,0.3283268780033956,-0.7969913005839747,296.94,295.24,292.87,87102.74987030339,-990780384.0883695,0.0,0.0,,0.0,0.0,0.0,2497.8515625,678.2958984375,0.0,3176.1474609375,2497.8515625,1819.5556640625,1132.2285259248397,181.91877106999436,0.0,1314.147296994834,1132.2285259248397,950.3097548548453,16.171427393375694,1.9056596900203218,0.0,18.077087083396016,16.171427393375694,14.265767703355372,2318.103411955145,145.60435450307955,4.751793926733965e-15,2463.707766458225,2318.103411955145,2463.707766458225
80,295.76874810714287,0.45272114552304793,4.745999023451126,301.35,295.73,294.09,87479.35731330213,-995441850.7135732,0.0,0.0,,0.0,0.0,0.0,2497.8515625,678.2958984375,0.0,3176.1474609375,2497.8515625,1819.5556640625,1132.4428620360704,181.9195969406263,1.856277586102588e-15,1314.3624589766969,1132.4428620360704,950.5232650954442,16.182844629993372,1.9189317505121473,0.0,18.10177638050552,16.182844629993372,14.263912879481225,2318.3264930837668,145.66556860425885,4.745805801121592e-15,2463.992061688026,2318.3264930837668,2463.992061688026
81,296.2753485,0.429509719506605,3.6059108058690788,299.86,296.18,294.4440000000001,87779.26660739559,-999154947.4954196,0.0,0.0,,0.0,0.0,0.0,2497.8515625,678.2958984375,0.0,3176.1474609375,2497.8515625,1819.5556640625,1132.5488408615995,181.94104423508082,1.00512815373828e-15,1314.4898850966804,1132.5488408615995,950.6077966265187,16.165529493690638,1.8888757346175815,0.0,18.05440522830822,16.165529493690638,14.276653759073056,2318.33092316936,145.5850359005658,0.0,2463.915959069926,2318.33092316936,2463.915959069926
82,296.6543712976191,0.224840953079886,0.17876086246296738,298.274,296.64,294.84,88003.86656343982,-1001936093.1651123,0.0,0.0,,0.0,0.0,0.0,2497.8515625,678.2958984375,0.0,3176.1474609375,2497.8515625,1819.5556640625,1132.2664094523116,181.89447681774175,-1.857046763296458e-15,1314.1608862700532,1132.2664094523116,950.3719326345697,16.165801218383585,1.9057878314589871,0.0,18.071589049842572,16.165801218383585,14.260013386924598,2317.8942133877267,145.55754474437254,0.0,2463.4517581320993,2317.8942133877267,2463.4517581320993
83,294.8193010238096,0.8595111838028828,0.7874431145259608,297.82,294.88,292.85,86919.1590156427,-988509932.6784719,0.0,0.0,,0.0,0.0,0.0,2514.00146484375,672.91259765625,0.0,3186.9140625,2514.00146484375,1841.0888671875,1134.6123165278223,182.30789795260483,9.990725713107725e-16,1316.9202144804271,1134.6123165278223,952.3044185752175,16.16144896085375,1.9012301773832938,0.0,18.062679138237044,16.16144896085375,14.260218783470457,2319.9435281076385,145.60420798627888,4.676382743358887e-15,2465.5477360939176,2319.9435281076385,2465.5477360939176
84,294.88000000000005,5.684341886080802e-14,,294.88,294.88,294.88,86954.21439999998,-988942192.041473,0.0,0.0,,0.0,0.0,0.0,2497.8515625,678.2958984375,0.0,3176.1474609375,2497.8515625,1819.5556640625,1132.4804077812078,182.18252354772773,-1.001136616970376e-15,1314.6629313289354,1132.4804077812078,950.29788423348,16.180666624247095,1.9092932904842286,0.0,18.089959914731324,16.180666624247095,14.271373333762867,2318.2468452716853,145.7687818794857,0.0,2464.015627151171,2318.2468452716853,2464.015627151171
85,294.0261823869048,1.948627034461998,-1.0869337525910754,296.5,294.88,288.77,86455.19307633683,-982776743.3967807,0.0,0.0,,0.0,0.0,0.0,2514.00146484375,672.91259765625,0.0,3186.9140625,2514.00146484375,1841.0888671875,1136.2322647405222,182.10433485729936,0.0,1318.3365995978215,1136.2322647405222,954.1279298832228,16.21801694132205,1.888829474428377,0.0,18.106846415750425,16.21801694132205,14.329187466893671,2321.349816875615,145.1058359439669,-4.724732116129102e-15,2466.4556528195817,2321.349816875615,2466.4556528195817
86,296.4754528690477,0.40105345255396996,2.100004554576269,299.23,296.46,295.43,87897.85499777869,-1000623410.2613777,0.0,0.0,,0.0,0.0,0.0,2503.23486328125,683.67919921875,0.0,3186.9140625,2503.23486328125,1819.5556640625,1132.9756039320566,182.18585084527882,-9.240754763835568e-16,1315.1614547773354,1132.9756039320566,950.7897530867778,16.160672765749183,1.9137439457213432,0.0,18.074416711470526,16.160672765749183,14.24692882002784,2319.197670674119,145.92235394819795,-4.570929186213606e-15,2465.1200246223166,2319.197670674119,2465.1200246223166
87,297.2340437380952,0.4186306715147586,3.4563888682920907,300.62,297.2126666666667,296.37,88348.25200853906,-1006202276.6730819,0.0,0.0,,0.0,0.0,0.0,2497.8515625,678.2958984375,0.0,3176.1474609375,2497.8515625,1819.5556640625,1132.2191170486167,182.03558139761196,1.9299288017673312e-15,1314.2546984462288,1132.2191170486167,950.1835356510048,16.163170504731827,1.8929216707440482,0.0,18.056092175475875,16.163170504731827,14.270248833987779,2318.061350549595,145.67358892212792,4.669704168830358e-15,2463.734939471723,2318.061350549595,2463.734939471723
88,297.80913036904764,0.6236276934643314,-1.7855411068344254,301.23,297.78499999999997,293.45,88690.66704266846,-1010445559.2842569,0.0,0.0,,0.0,0.0,0.0,2497.8515625,678.2958984375,0.0,3176.1474609375,2497.8515625,1819.5556640625,1132.4364588910835,181.8437349984199,0.0,1314.2801938895034,1132.4364588910835,950.5927238926636,16.214615756078427,1.941837876802655,0.0,18.15645363288108,16.214615756078427,14.272777879275772,2318.168076846095,145.51718014339258,0.0,2463.6852569894877,2318.168076846095,2463.6852569894877
89,297.9136066666667,0.7266410952280005,-0.9973647277815552,298.61,298.31624999999997,296.3,88753.04504442266,-1011218904.4816692,0.0,0.0,,0.0,0.0,0.0,2497.8515625,678.2958984375,0.0,3176.1474609375,2497.8515625,1819.5556640625,1131.546186894959,182.9513509892929,0.0,1314.4975378842519,1131.546186894959,948.5948359056661,16.185095992104632,1.9051718374888544,0.0,18.090267829593486,16.185095992104632,14.279924154615777,2317.369785965504,146.5355796911424,4.661776282989382e-15,2463.9053656566466,2317.369785965504,2463.9053656566466
90,295.5545218928571,0.2659063307994528,1.6135761275979876,296.36,295.4,295.34999999999997,87352.54611749214,-993871857.4054507,0.0,0.0,,0.0,0.0,0.0,2503.23486328125,683.67919921875,0.0,3186.9140625,2503.23486328125,1819.5556640625,1133.219114941367,182.40362045421864,-1.8415393932796715e-15,1315.6227353955856,1133.219114941367,950.8154944871483,16.172358956238796,1.9107565961860828,0.0,18.08311555242488,16.172358956238796,14.261602360052713,2318.7703054151407,145.83247727028038,0.0,2464.602782685421,2318.7703054151407,2464.602782685421
91,295.4,0.0,,295.4,295.4,295.4,87261.16,-992740613.1158358,0.0,0.0,,0.0,0.0,0.0,2497.8515625,678.2958984375,0.0,3176.1474609375,2497.8515625,1819.5556640625,1132.4804077812073,182.182523547728,-1.7712417069475805e-15,1314.6629313289352,1132.4804077812073,950.2978842334792,16.180666624247095,1.9092932904842286,0.0,18.089959914731324,16.180666624247095,14.271373333762867,2318.246845271685,145.7687818794866,0.0,2464.0156271511714,2318.246845271685,2464.0156271511714
92,296.2644507235253,1.025597272666737,0.6303799067246959,300.57,295.4,295.4,87773.6766122778,-999087464.729184,0.0,0.0,,0.0,0.0,0.0,2497.8515625,678.2958984375,0.0,3176.1474609375,2497.8515625,1819.5556640625,1132.5772853936862,181.95036665907674,0.0,1314.527652052763,1132.5772853936862,950.6269187346095,16.19223580411569,1.9170987053576383,0.0,18.109334509473328,16.19223580411569,14.275137098758051,2318.36812502309,145.56008369631877,-4.756130893285134e-15,2463.9282087194088,2318.36812502309,2463.9282087194088
93,297.9922006147187,0.14334029956461708,-0.9326634471951626,298.56000000000006,298.01,297.13,88799.37217364418,-1011792063.0134346,0.0,0.0,,0.0,0.0,0.0,2492.46826171875,672.91259765625,0.0,3165.380859375,2492.46826171875,1819.5556640625,1130.6862105684395,181.28865877496406,-8.597078884701827e-16,1311.9748693434035,1130.6862105684395,949.3975517934754,16.1854381314068,1.9105590096881606,0.0,18.095997141094962,16.1854381314068,14.27487912171864,2316.4010459188657,145.04570110001282,4.654310888275264e-15,2461.446747018879,2316.4010459188657,2461.446747018879
94,298.90636435845306,0.6922154654517734,-2.1262171351108208,301.01,299.01,294.33,89345.49381623892,-1018563359.867581,0.0,0.0,,0.0,0.0,0.0,2487.0849609375,689.0625,0.0,3176.1474609375,2487.0849609375,1798.0224609375,1129.0664528540672,184.74155776840115,9.601071030807859e-16,1313.8080106224684,1129.0664528540672,944.3248950856661,16.1747597123384,1.8882036932060373,0.0,18.062963405544437,16.1747597123384,14.286556019132362,2314.869603059384,148.56862555549242,0.0,2463.4382286148766,2314.869603059384,2463.4382286148766
95,299.69539361904765,0.5068742575203233,-3.3105730433124085,300.59,299.745,294.84,89817.58587798885,-1024418228.238033,0.0,0.0,,0.0,0.0,0.0,2465.5517578125,667.529296875,0.0,3133.0810546875,2465.5517578125,1798.0224609375,1123.1214730099823,177.5848772228834,-1.9955537872567263e-15,1300.7063502328656,1123.1214730099823,945.5365957870988,16.178872880441517,1.8962057703288195,0.0,18.075078650770337,16.178872880441517,14.282667110112698,2308.204385953615,141.671654498703,0.0,2449.876040452318,2308.204385953615,2449.876040452318
96,297.80179558333333,3.430827193500683,-1.7690615895619923,300.68,299.13,288.175,88697.68002788913,-1010555073.1131544,0.0,0.0,,0.0,0.0,0.0,2481.70166015625,694.44580078125,0.0,3176.1474609375,2481.70166015625,1787.255859375,1128.0916838722217,186.04215280659918,9.401116134309402e-16,1314.133836678821,1128.0916838722217,942.0495310656225,16.263002650857022,1.9998166227270353,0.0,18.262819273584057,16.263002650857022,14.263186028129986,2313.8409425557666,149.73962307600436,-4.507578394959105e-15,2463.5805656317707,2313.8409425557666,2463.5805656317707
97,297.3897625,2.804727153343951,-1.5480101784864178,301.38,298.55,289.07,88448.53733421111,-1007460077.1300712,0.0,0.0,,0.0,0.0,0.0,2470.93505859375,672.91259765625,0.0,3143.84765625,2470.93505859375,1798.0224609375,1125.07776302848,178.7815730569285,-1.0593640334480692e-15,1303.8593360854084,1125.07776302848,946.2961899715514,16.235783591265278,1.8695802548178655,0.0,18.105363846083144,16.235783591265278,14.366203336447413,2312.9055083010344,143.82098421120008,0.0,2456.7264925122345,2312.9055083010344,2456.7264925122345
98,300.0742158333333,0.28420094860018386,-0.31540617109578095,300.95,300.1,299.13,90044.6157781691,-1027234591.1845956,0.0,0.0,,0.0,0.0,0.0,2497.8515625,678.2958984375,0.0,3176.1474609375,2497.8515625,1819.5556640625,1132.3979879702426,181.3470019684575,1.0150381048013632e-15,1313.7449899387002,1132.3979879702426,951.0509860017852,16.182559786034872,1.9100781387143826,0.0,18.092637924749255,16.182559786034872,14.27248164732049,2318.2863972009472,145.10389451027754,-4.724921763902433e-15,2463.3902917112246,2318.2863972009472,2463.3902917112246
99,300.741260797619,0.3301872403543105,-0.14292415610767167,301.55,300.76,299.76,90445.41496975522,-1032208679.0183077,0.0,0.0,,0.0,0.0,0.0,2497.8515625,678.2958984375,0.0,3176.1474609375,2497.8515625,1819.5556640625,1132.484205157021,182.10379281340215,0.0,1314.5879979704232,1132.484205157021,950.3804123436189,16.180595327990886,1.9074173332511961,0.0,18.088012661242082,16.180595327990886,14.27317799473969,2318.2964954697036,145.64509935435285,-4.5970830041888266e-15,2463.941594824056,2318.2964954697036,2463.941594824056
