,HKLDAV_mean,HKLDAV_std,HKLDAV_skew,HKLDAV_max,HKLDAV_median,HKLDAV_min,HKLDAV_energy,HKLDAV_entropy,HKLDAV_zcr_mean,HKLDAV_zcr_std,HKLDAV_zcr_skew,HKLDAV_zcr_max,HKLDAV_zcr_median,HKLDAV_zcr_min,HKLDAV_spec_roll_off_mean,HKLDAV_spec_roll_off_std,HKLDAV_spec_roll_off_skew,HKLDAV_spec_roll_off_max,HKLDAV_spec_roll_off_median,HKLDAV_spec_roll_off_min,HKLDAV_spec_centroid_mean,HKLDAV_spec_centroid_std,HKLDAV_spec_centroid_skew,HKLDAV_spec_centroid_max,HKLDAV_spec_centroid_median,HKLDAV_spec_centroid_min,HKLDAV_spec_contrast_mean,HKLDAV_spec_contrast_std,HKLDAV_spec_contrast_skew,HKLDAV_spec_contrast_max,HKLDAV_spec_contrast_median,HKLDAV_spec_contrast_min,HKLDAV_spec_bandwidth_mean,HKLDAV_spec_bandwidth_std,HKLDAV_spec_bandwidth_skew,HKLDAV_spec_bandwidth_max,HKLDAV_spec_bandwidth_median,HKLDAV_spec_bandwidth_min
0,1266.8545137976191,221.50228918980812,-0.5427978584626845,1624.0199999999998,1351.81,925.8700000000001,1653983.623245727,-23776710059.52141,0.0,0.0,,0.0,0.0,0.0,2535.53466796875,640.61279296875,0.0,3176.1474609375,2535.53466796875,1894.921875,1157.8288943908326,161.0975953675054,0.0,1318.926489758338,1157.8288943908326,996.7312990233272,16.842586067542694,1.7925189390527514,0.0,18.635105006595445,16.842586067542694,15.050067128489943,2324.5422011144283,139.05576913855816,4.935690965515946e-15,2463.5979702529867,2324.5422011144283,2463.5979702529867
1,1374.2547053690478,28.74244882115306,2.860435993894046,1500.9000000000003,1363.13,1359.99,1889402.1235932044,-27306891221.35883,0.0,0.0,,0.0,0.0,0.0,2562.451171875,613.6962890625,0.0,3176.1474609375,2562.451171875,1948.7548828125,1145.8497121126256,166.88495166520272,-2.00377335924221e-15,1312.7346637778282,1145.8497121126256,978.9647604474228,16.0777870856603,1.9382881293350813,0.0,18.016075214995382,16.0777870856603,14.13949895632522,2330.753127472084,131.92617191388354,0.0,2462.6792993859676,2330.753127472084,2462.6792993859676
2,1227.41009675,234.7178801523599,-0.15084409598305326,1636.81,1359.25,942.57,1561628.0288670622,-22378446292.996902,0.0,0.0,,0.0,0.0,0.0,2906.982421875,732.12890625,0.0,3639.111328125,2906.982421875,2174.853515625,1258.850506346413,198.90696359538185,1.6568309646927288e-15,1457.757469941795,1258.850506346413,1059.9435427510314,14.463172499726536,2.8686458153819068,0.0,17.331818315108443,14.463172499726536,11.594526684344629,2404.287646168441,147.62995633100536,0.0,2551.9176024994463,2404.287646168441,2551.9176024994463
3,1255.2428532976191,210.35252484563512,-0.4727990455797122,1625.94,1359.3416666666667,939.41,1619882.8054636817,-23246040330.21474,0.0,0.0,,0.0,0.0,0.0,2670.1171875,516.796875,0.0,3186.9140625,2670.1171875,2153.3203125,1187.7659723731715,130.60560731307305,0.0,1318.3715796862446,1187.7659723731715,1057.1603650600985,16.447776624649258,2.2836678840540614,0.0,18.73144450870332,16.447776624649258,14.164108740595196,2363.7599293503226,101.14301279325196,6.750776585658592e-15,2464.902942143575,2363.7599293503226,2464.902942143575
4,1395.5143961785716,36.192349846934725,1.4797704963910983,1518.97,1395.315,1354.71,1948770.3161290858,-28226125664.70568,0.0,0.0,,0.0,0.0,0.0,2621.66748046875,705.21240234375,0.0,3326.8798828125,2621.66748046875,1916.455078125,1165.4674263192405,193.52885139002677,8.99416836363728e-16,1358.9962777092674,1165.4674263192405,971.9385749292138,15.864919351096436,2.1963018485317427,0.0,18.06122119962818,15.864919351096436,13.668617502564693,2342.566538264581,150.48978644625686,0.0,2493.056324710838,2342.566538264581,2493.056324710838
5,1281.3734303928572,216.85563888691127,-0.6292211649116298,1687.96,1387.3125,938.755,1688944.2362338088,-24308429260.47605,0.0,0.0,,0.0,0.0,0.0,2589.36767578125,597.54638671875,0.0,3186.9140625,2589.36767578125,1991.8212890625,1169.9034799119213,148.95053394947024,-2.325026383532916e-15,1318.8540138613914,1169.9034799119213,1020.9529459624509,17.254851060729788,2.6502700493921445,0.0,19.905121110121932,17.254851060729788,14.604581011337643,2348.5222338950616,117.71448768286359,-5.852403279448081e-15,2466.236721577925,2348.5222338950616,2466.236721577925
6,1415.0901205595237,17.97153504780615,-1.1006972959407282,1438.88,1420.5349999999999,1369.88,2002803.0253771422,-29061431491.49428,0.0,0.0,,0.0,0.0,0.0,2465.5517578125,689.0625,0.0,3154.6142578125,2465.5517578125,1776.4892578125,1123.147658058198,183.16573679904315,-8.33547028659441e-16,1306.313394857241,1123.147658058198,939.9819212591548,16.1519738645964,1.8906937775122614,0.0,18.04266764210866,16.1519738645964,14.261280087084138,2312.4415098743216,148.65679012182045,0.0,2461.098299996142,2312.4415098743216,2461.098299996142
7,1370.8889211785713,199.06997372850643,-1.3653260122855881,1617.75,1412.13,923.25,1918965.2886504158,-27835304264.04281,0.0,0.0,,0.0,0.0,0.0,2540.91796875,613.6962890625,0.0,3154.6142578125,2540.91796875,1927.2216796875,1151.5782746317686,156.82475218981892,2.112829019606143e-15,1308.4030268215877,1151.5782746317686,994.7535224419498,16.56174831282661,1.5081749689654984,0.0,18.069923281792107,16.56174831282661,15.05357334386111,2329.508868530925,129.51982388656552,0.0,2459.0286924174907,2329.508868530925,2459.0286924174907
8,1426.9955859761903,10.612412410464133,0.4044736729611525,1471.11,1425.9686666666666,1387.08,2036429.0256927009,-29582836003.026276,0.0,0.0,,0.0,0.0,0.0,2519.384765625,678.2958984375,0.0,3197.6806640625,2519.384765625,1841.0888671875,1136.4857009081895,183.64239469090995,-8.27073255602687e-16,1320.1280955990994,1136.4857009081895,952.8433062172795,16.094289011181047,2.0230179260774293,0.0,18.117306937258476,16.094289011181047,14.071271085103618,2321.0388853613867,146.58327472169663,4.6572272396268694e-15,2467.6221600830836,2321.0388853613867,2467.6221600830836
9,1380.415746511905,183.08354663710796,-1.6584900428518905,1648.55,1417.4850000000001,927.47,1939067.2182672415,-28134592069.224865,0.0,0.0,,0.0,0.0,0.0,2637.8173828125,527.5634765625,0.0,3165.380859375,2637.8173828125,2110.25390625,1175.0963324017775,135.9168740065512,2.5037085383063607e-15,1311.0132064083289,1175.0963324017775,1039.1794583952264,17.928431682641957,3.59450408972922,0.0,21.522935772371177,17.928431682641957,14.333927592912737,2356.3257208065843,105.81047598595796,0.0,2462.1361967925423,2356.3257208065843,2462.1361967925423
10,1423.0913735952379,22.947437541806337,0.7456796681371854,1493.48,1417.705,1380.57,2025715.6424909167,-29417352429.476097,0.0,0.0,,0.0,0.0,0.0,2551.6845703125,689.0625,0.0,3240.7470703125,2551.6845703125,1862.6220703125,1144.2268149572708,186.93211337492977,-8.55459852671305e-16,1331.1589283322005,1144.2268149572708,957.294701582341,16.12639208442349,1.9390636764888889,0.0,18.06545576091238,16.12639208442349,14.1873284079346,2327.5285042570367,148.49304206352394,4.550947228073898e-15,2476.021546320561,2327.5285042570367,2476.021546320561
11,1369.5396999047618,167.73266260686282,-1.7273802970402155,1641.21,1407.8274999999999,937.95,1903773.2357204128,-27579026548.484726,0.0,0.0,,0.0,0.0,0.0,2557.06787109375,629.84619140625,0.0,3186.9140625,2557.06787109375,1927.2216796875,1155.0942006281775,164.1067854239028,-2.1072716026228526e-15,1319.2009860520802,1155.0942006281775,990.9874152042746,17.16167369599029,3.343575469664554,0.0,20.505249165654845,17.16167369599029,13.818098226325738,2334.3785669844137,129.28929333744736,0.0,2463.667860321861,2334.3785669844137,2463.667860321861
12,1340.2500223511904,146.82241538729508,-1.9612283836064777,1662.22,1391.1637500000002,934.65,1817826.944072526,-26240239794.60405,0.0,0.0,,0.0,0.0,0.0,2406.33544921875,780.57861328125,0.0,3186.9140625,2406.33544921875,1625.7568359375,1110.7533945402108,205.58490679574174,0.0,1316.3383013359526,1110.7533945402108,905.1684877444691,18.555240725009337,4.111013909309005,0.0,22.666254634318342,18.555240725009337,14.444226815700333,2297.3546521302937,168.06113465449562,0.0,2465.4157867847894,2297.3546521302937,2465.4157867847894
13,1417.765756686508,62.081892142478566,-2.208303902924602,1587.7,1406.2075,943.95,2013913.9021648567,-29240570367.10341,0.0,0.0,,0.0,0.0,0.0,1851.85546875,344.53125,0.0,2196.38671875,1851.85546875,1507.32421875,928.5833175236137,63.70682247095806,0.0,992.2901399945717,928.5833175236137,864.8764950526556,15.986985347879017,1.8069405477806235,0.0,17.79392589565964,15.986985347879017,14.180044800098393,2135.5444170767114,55.20137595763822,-1.2457558599366462e-14,2190.7457930343494,2135.5444170767114,2190.7457930343494
14,1312.5868662261905,196.9540570944709,-1.0948890924105195,1653.4,1388.5749999999998,930.95,1761675.1819954633,-25408494540.382317,0.0,0.0,,0.0,0.0,0.0,2605.517578125,613.6962890625,0.0,3219.2138671875,2605.517578125,1991.8212890625,1165.6901810368893,167.75909436229057,9.863065461632187e-16,1333.44927539918,1165.6901810368893,997.9310866745988,16.830546634299726,0.9444469375191495,0.0,17.774993571818875,16.830546634299726,15.886099696780576,2326.616988367909,143.18153437975525,0.0,2469.7985227476643,2326.616988367909,2469.7985227476643
15,1357.9854410396827,107.97309853324624,-2.810153633469187,1659.34,1382.15,943.66,1855782.6480826112,-26807417167.190582,0.0,0.0,,0.0,0.0,0.0,2341.73583984375,834.41162109375,0.0,3176.1474609375,2341.73583984375,1507.32421875,1093.1734980794447,219.300161708906,0.0,1312.4736597883507,1093.1734980794447,873.8733363705387,16.881437638647196,2.5678803676598854,0.0,19.44931800630708,16.881437638647196,14.31355727098731,2281.558033131969,182.2942841298029,3.766578820082377e-15,2463.852317261772,2281.558033131969,2463.852317261772
16,1398.385924246032,122.30826228291612,-2.7429405846846286,1626.43,1413.5783333333334,933.31,1970442.504152095,-28586367080.231796,0.0,0.0,,0.0,0.0,0.0,2013.3544921875,376.8310546875,0.0,2390.185546875,2013.3544921875,1636.5234375,1007.7740188915984,108.13099071029114,0.0,1115.9050096018896,1007.7740188915984,899.6430281813073,19.411611195446017,0.46493816354208306,0.0,19.8765493589881,19.411611195446017,18.946673031903934,2224.6060373208034,98.13793409356776,0.0,2322.743971414371,2224.6060373208034,2322.743971414371
17,1361.2537196785715,172.14128218760695,-1.72573623961586,1646.74,1407.4633333333334,933.134,1882644.31037194,-27255092872.69477,0.0,0.0,,0.0,0.0,0.0,2530.1513671875,656.7626953125,0.0,3186.9140625,2530.1513671875,1873.388671875,1146.4621779381011,174.39510180428238,0.0,1320.8572797423835,1146.4621779381011,972.0670761338188,16.32551102869324,1.8757241412772352,0.0,18.201235169970474,16.32551102869324,14.449786887416003,2311.33913156101,153.5428417533326,0.0,2464.8819733143428,2311.33913156101,2464.8819733143428
18,1388.1379201785712,21.805886928797936,-0.40402928053593495,1423.79,1389.7825,1342.69,1927402.3821424416,-27893706587.991783,0.0,0.0,,0.0,0.0,0.0,2530.1513671875,645.99609375,0.0,3176.1474609375,2530.1513671875,1884.1552734375,1138.7427322389185,175.98805470312038,-1.9649359478817127e-15,1314.7307869420388,1138.7427322389185,962.754677535798,16.276863792187086,1.9873521923012731,0.0,18.26421598448836,16.276863792187086,14.289511599885813,2324.3723143655297,138.63106126820708,4.893803441046908e-15,2463.003375633737,2324.3723143655297,2463.003375633737
19,1364.1680916726189,169.29173332831843,-1.8024431627097055,1644.53,1418.09,932.33,1889614.2733110215,-27360904370.063026,0.0,0.0,,0.0,0.0,0.0,2578.60107421875,672.91259765625,0.0,3251.513671875,2578.60107421875,1905.6884765625,1170.002972150443,203.4382305476807,-8.848963579876793e-16,1373.4412026981236,1170.002972150443,966.5647416027622,17.66282566940262,2.435774761324428,0.0,20.098600430727046,17.66282566940262,15.22705090807819,2315.0538164342565,158.94446904941242,0.0,2473.998285483669,2315.0538164342565,2473.998285483669
20,1306.2094448095238,207.78502770986464,-0.9247511908068516,1660.38,1396.797,933.18,1749357.7314499936,-25227712804.06066,0.0,0.0,,0.0,0.0,0.0,2600.13427734375,554.47998046875,0.0,3154.6142578125,2600.13427734375,2045.654296875,1163.0044661239651,145.0126687596283,-1.2216373036279289e-15,1308.0171348835934,1163.0044661239651,1017.9917973643368,17.700301961311116,3.002990933063149,0.0,20.703292894374265,17.700301961311116,14.697311028247967,2339.2468390364165,120.57161882283981,0.0,2459.8184578592563,2339.2468390364165,2459.8184578592563
21,1428.5959755674603,33.00582127483742,1.7156249996198873,1520.4800000000002,1417.63,1386.3499999999997,2041975.84564557,-29670948728.162395,0.0,0.0,,0.0,0.0,0.0,2540.91796875,678.2958984375,0.0,3219.2138671875,2540.91796875,1862.6220703125,1142.0840505450567,184.44399786612667,0.0,1326.5280484111834,1142.0840505450567,957.64005267893,16.14814116151858,1.8277831392074546,0.0,17.975924300726035,16.14814116151858,14.320358022311126,2325.607555266477,146.42238927950143,4.598427677489883e-15,2472.0299445459787,2325.607555266477,2472.0299445459787
22,1310.2899353690475,210.02570514826672,-0.903434183606883,1669.02,1400.85,931.55,1760970.5115524498,-25408111890.40718,0.0,0.0,,0.0,0.0,0.0,2670.1171875,559.86328125,0.0,3229.98046875,2670.1171875,2110.25390625,1183.6140924729882,149.92424643363756,0.0,1333.5383389066258,1183.6140924729882,1033.6898460393506,17.972871404404277,2.6226290592275525,0.0,20.59550046363183,17.972871404404277,15.350242345176724,2349.5117063375546,124.04488139201953,-5.4892891500829786e-15,2473.556587729574,2349.5117063375546,2473.556587729574
23,1395.7475297738094,13.62062027484529,0.789142609074912,1424.89,1389.75,1373.68,1948296.6881663627,-28216512631.68671,0.0,0.0,,0.0,0.0,0.0,2514.00146484375,672.91259765625,0.0,3186.9140625,2514.00146484375,1841.0888671875,1134.3155942575859,181.9389686756753,1.005162553630858e-15,1316.2545629332612,1134.3155942575859,952.3766255819106,16.16707665980866,1.8917102298353292,0.0,18.05878688964399,16.16707665980866,14.275366429973332,2319.8331977550415,145.39383936779382,4.620957336250959e-15,2465.2270371228356,2319.8331977550415,2465.2270371228356
24,1385.3820859642858,195.35602232942077,-1.4768537997456233,1655.81,1435.58,934.4733333333334,1957447.4995711285,-28427946446.847813,0.0,0.0,,0.0,0.0,0.0,2454.78515625,656.7626953125,0.0,3111.5478515625,2454.78515625,1798.0224609375,1135.5636897407496,167.3703725333997,-9.931946833181626e-16,1302.9340622741493,1135.5636897407496,968.1933172073499,17.202426189460724,2.4269178020433415,0.0,19.629343991504065,17.202426189460724,14.775508387417382,2305.6384666558683,142.62226630982332,0.0,2448.2607329656917,2305.6384666558683,2448.2607329656917
25,1448.6062573571428,28.99930958227926,0.946246739693351,1530.67,1431.45,1423.12,2099301.0488105174,-30561459040.435963,0.0,0.0,,0.0,0.0,0.0,2524.76806640625,683.67919921875,0.0,3208.447265625,2524.76806640625,1841.0888671875,1138.838684754825,185.3123192152442,-1.7561778774333504e-15,1324.151003970069,1138.838684754825,953.5263655395806,16.517318355005795,2.115898676502294,0.0,18.63321703150809,16.517318355005795,14.401419678503501,2322.7487704318587,147.5796730330776,0.0,2470.3284434649363,2322.7487704318587,2470.3284434649363
26,1378.4708359761903,200.86402331201379,-1.4136323430970272,1673.31,1425.34,938.84,1940528.2014979864,-28170054486.8039,0.0,0.0,,0.0,0.0,0.0,2514.00146484375,672.91259765625,0.0,3186.9140625,2514.00146484375,1841.0888671875,1142.7711352718225,180.7392476567083,9.46441924536259e-16,1323.5103829285308,1142.7711352718225,962.0318876151142,19.29138437730734,4.670563861907166,0.0,23.961948239214507,19.29138437730734,14.620820515400176,2306.647033549184,157.4065444792161,-4.298374786840804e-15,2464.0535780284,2306.647033549184,2464.0535780284
27,1405.6225815476193,12.466415400424186,0.34092267372079704,1432.79,1404.08,1378.72,1975930.253269529,-28644482560.48699,0.0,0.0,,0.0,0.0,0.0,2508.6181640625,689.0625,0.0,3197.6806640625,2508.6181640625,1819.5556640625,1134.939769246845,183.98251508073827,0.0,1318.9222843275832,1134.939769246845,950.9572541661066,16.27557357207885,2.015189453929036,0.0,18.290763026007888,16.27557357207885,14.260384118149815,2320.1234701694802,146.89228694874873,0.0,2467.015757118229,2320.1234701694802,2467.015757118229
28,1351.911911827381,173.86744479422129,-1.6093544100150992,1647.86,1399.126,936.43,1857895.7057000361,-26874263962.878506,0.0,0.0,,0.0,0.0,0.0,2594.7509765625,689.0625,0.0,3283.8134765625,2594.7509765625,1905.6884765625,1174.692208564945,188.00392206412636,-9.109882142591618e-16,1362.6961306290714,1174.692208564945,986.6882865008187,16.555478602694265,3.1799049817082974,0.0,19.735383584402562,16.555478602694265,13.375573620985968,2349.5098244255005,143.9834358860478,4.758086958541216e-15,2493.4932603115485,2349.5098244255005,2493.4932603115485
29,1332.0426429166669,174.5787051050656,-1.462756567926563,1674.29,1384.4975,931.81,1804815.3268245796,-26056543297.655342,0.0,0.0,,0.0,0.0,0.0,2567.83447265625,640.61279296875,0.0,3208.447265625,2567.83447265625,1927.2216796875,1154.6108536928878,171.91597414264595,2.0162487809561805e-15,1326.5268278355338,1154.6108536928878,982.6948795502419,17.70372219812026,2.8459895589168624,0.0,20.549711757037123,17.70372219812026,14.857732639203398,2318.321295560135,150.6395367319094,4.563499709641197e-15,2468.9608322920444,2318.321295560135,2468.9608322920444
30,1379.550694666667,155.7468423084183,-1.6648459477814428,1679.78,1396.08,932.7466666666668,1927417.1980443262,-27937981830.267082,0.0,0.0,,0.0,0.0,0.0,2293.2861328125,753.662109375,0.0,3046.9482421875,2293.2861328125,1539.6240234375,1078.6112185562952,198.23667368560598,1.7334691888078459e-15,1276.8478922419013,1078.6112185562952,880.3745448706893,17.8371146868698,3.4440689316696087,0.0,21.28118361853941,17.8371146868698,14.393045755200191,2271.51857401135,166.49891479756434,0.0,2438.0174888089145,2271.51857401135,2438.0174888089145
31,1396.484766059524,84.31746925373147,-2.886581787503776,1646.99,1393.238,944.57,1957279.137457677,-28368511440.794765,0.0,0.0,,0.0,0.0,0.0,1846.47216796875,263.78173828125,0.0,2110.25390625,1846.47216796875,1582.6904296875,963.8955529055067,83.73603924847316,0.0,1047.63159215398,963.8955529055067,880.1595136570336,16.391803792360044,2.0733178454579217,0.0,18.465121637817965,16.391803792360044,14.318485946902122,2167.8397491784426,72.04742936470166,0.0,2239.8871785431443,2167.8397491784426,2239.8871785431443
32,1346.1536371071427,155.81075334147758,-1.5911348289539728,1696.12,1382.6595,940.72,1836406.605553628,-26532195069.009933,0.0,0.0,,0.0,0.0,0.0,2470.93505859375,694.44580078125,0.0,3165.380859375,2470.93505859375,1776.4892578125,1136.2498918565457,181.20668108581435,0.0,1317.45657294236,1136.2498918565457,955.0432107707313,16.570335345521308,1.830518117804175,0.0,18.400853463325483,16.570335345521308,14.739817227717133,2302.4513183462627,157.90020309764623,0.0,2460.351521443909,2302.4513183462627,2460.351521443909
33,1383.1821980357142,41.58677224568236,6.679990210770226,1741.88,1373.57,1369.54,1914922.4525887242,-27703390307.935608,0.0,0.0,,0.0,0.0,0.0,2492.46826171875,694.44580078125,0.0,3186.9140625,2492.46826171875,1798.0224609375,1134.0938943661904,183.214374467727,-1.892916734349816e-15,1317.3082688339173,1134.0938943661904,950.8795198984633,16.172752148295398,1.8367677852247688,0.0,18.009519933520167,16.172752148295398,14.33598436307063,2317.5306364289186,148.02790480951035,0.0,2465.558541238429,2317.5306364289186,2465.558541238429
34,1344.830383797619,158.3398810170121,-1.716784123243054,1588.09,1380.47,936.67,1833640.279105733,-26490688327.31424,0.0,0.0,,0.0,0.0,0.0,2691.650390625,764.4287109375,0.0,3456.0791015625,2691.650390625,1927.2216796875,1196.2978135860824,212.9268346454146,0.0,1409.224648231497,1196.2978135860824,983.3709789406678,20.875723018297936,5.900337725182464,0.0,26.7760607434804,20.875723018297936,14.975385293115473,2354.2908239952353,163.90203216392274,0.0,2518.192856159158,2354.2908239952353,2518.192856159158
35,1320.587619738095,158.55634340550486,-1.4847313014254795,1745.08,1369.625,933.24,1769091.7754396521,-25496922245.391273,0.0,0.0,,0.0,0.0,0.0,2632.43408203125,554.47998046875,0.0,3186.9140625,2632.43408203125,2077.9541015625,1170.8812649225752,146.44470451124346,-2.2981629368641234e-15,1317.3259694338185,1170.8812649225752,1024.4365604113316,17.725070106662695,3.388215595048866,0.0,21.11328570171156,17.725070106662695,14.33685451161383,2347.1316089445586,118.70249951030974,0.0,2465.8341084548683,2347.1316089445586,2465.8341084548683
36,1401.2493215952381,76.62073048991509,2.0298739757337736,1642.4299999999998,1368.87,1355.72,1969370.3976119233,-28554678470.73513,0.0,0.0,,0.0,0.0,0.0,2761.63330078125,608.31298828125,0.0,3369.9462890625,2761.63330078125,2153.3203125,1199.7177446822661,167.3368093300137,0.0,1367.0545540122798,1199.7177446822661,1032.3809353522524,15.447985776551654,1.6414836061851403,0.0,17.089469382736795,15.447985776551654,13.806502170366514,2372.096207196379,125.3305684235238,0.0,2497.426775619903,2372.096207196379,2497.426775619903
37,1556.3467888452383,76.38203981446334,-1.327464333321187,1633.42,1589.8049999999998,1387.59,2428049.5431551025,-35710038520.718575,0.0,0.0,,0.0,0.0,0.0,2562.451171875,645.99609375,0.0,3208.447265625,2562.451171875,1916.455078125,1147.8937676892954,175.6480787419834,9.45219359818064e-16,1323.5418464312788,1147.8937676892954,972.245688947312,16.495056848128957,2.4897734308981505,0.0,18.984830279027108,16.495056848128957,14.005283417230807,2330.95914000227,138.75010847341377,4.968382237451554e-15,2469.709248475684,2330.95914000227,2469.709248475684
38,1599.5776255,17.58522997040585,1.8340580980920862,1668.15,1593.21,1569.56,2558957.8203133303,-37758328323.45146,0.0,0.0,,0.0,0.0,0.0,2514.00146484375,672.91259765625,0.0,3186.9140625,2514.00146484375,1841.0888671875,1132.820004707587,181.10177558435004,-9.407695574556516e-16,1313.921780291937,1132.820004707587,951.7182291232369,16.270946630839113,1.8815483238303372,0.0,18.15249495466945,16.270946630839113,14.389398307008776,2318.0697563279437,144.76332229386526,0.0,2462.833078621809,2318.0697563279437,2462.833078621809
39,1568.3472381428573,21.10538317237282,-0.38204313240432025,1591.44,1583.31,1535.06,2460158.4965891805,-36203933069.76755,0.0,0.0,,0.0,0.0,0.0,2503.23486328125,683.67919921875,0.0,3186.9140625,2503.23486328125,1819.5556640625,1132.8940297035501,184.54192481390146,0.0,1317.4359545174516,1132.8940297035501,948.3521048896487,16.148783073241656,1.8567590424480365,0.0,18.005542115689693,16.148783073241656,14.29202403079362,2318.4178997025138,147.65124091219582,4.629230532660311e-15,2466.06914061471,2318.4178997025138,2466.06914061471
40,1540.9120163869047,0.25238179018068607,0.09942960564788945,1541.76,1540.92,1540.21,2374409.905942125,-34856953715.31073,0.0,0.0,,0.0,0.0,0.0,2497.8515625,678.2958984375,0.0,3176.1474609375,2497.8515625,1819.5556640625,1132.5534374463891,182.25563827624046,0.0,1314.8090757226296,1132.5534374463891,950.2977991701487,16.181030714306225,1.9100287933303193,0.0,18.091059507636544,16.181030714306225,14.271001920975905,2318.307004010338,145.81053974663155,0.0,2464.1175437569696,2318.307004010338,2464.1175437569696
41,1542.9327642023811,8.648050189859354,1.2958755376677855,1561.8499999999997,1538.2616666666668,1530.4000000000003,2380716.3036212865,-34955997844.90961,0.0,0.0,,0.0,0.0,0.0,2497.8515625,678.2958984375,0.0,3176.1474609375,2497.8515625,1819.5556640625,1131.6911402717876,183.02974568195606,-9.872984562103919e-16,1314.7208859537436,1131.6911402717876,948.6613945898315,16.19468034889967,1.9015755192133632,0.0,18.096255868113033,16.19468034889967,14.293104829686307,2317.452138551366,146.5460282528852,0.0,2463.998166804251,2317.452138551366,2463.998166804251
42,1545.3429273690476,5.612615085585754,-0.28637965215254935,1552.85,1549.8512499999997,1537.58,2388116.264617637,-35071975313.86745,0.0,0.0,,0.0,0.0,0.0,2497.8515625,678.2958984375,0.0,3176.1474609375,2497.8515625,1819.5556640625,1130.3190455171093,182.75228710757204,9.918021020516595e-16,1313.0713326246814,1130.3190455171093,947.5667584095373,16.203163679914734,1.9439598521444204,0.0,18.147123532059155,16.203163679914734,14.259203827770314,2316.3410693676306,146.53290617764196,0.0,2462.8739755452725,2316.3410693676306,2462.8739755452725
43,1530.1365543571426,2.8937084851924215,0.9679282568645531,1540.57,1530.1161666666667,1522.03,2341326.2485287464,-34338441573.890076,0.0,0.0,,0.0,0.0,0.0,2519.384765625,678.2958984375,0.0,3197.6806640625,2519.384765625,1841.0888671875,1135.2170002153644,183.19858089438912,0.0,1318.4155811097535,1135.2170002153644,952.0184193209752,16.173263361243976,1.8936993544416652,0.0,18.06696271568564,16.173263361243976,14.27956400680231,2320.1717726769803,146.18372915108148,0.0,2466.3555018280617,2320.1717726769803,2466.3555018280617
44,1550.2214345119046,19.789805183705294,0.1359763174476826,1591.54,1551.47,1529.12,2403578.1324093565,-35315281056.28672,0.0,0.0,,0.0,0.0,0.0,2497.8515625,678.2958984375,0.0,3176.1474609375,2497.8515625,1819.5556640625,1132.616899311085,181.04960501599612,0.0,1313.6665043270812,1132.616899311085,951.5672942950889,16.2030625839868,1.9384086916989816,0.0,18.14147127568578,16.2030625839868,14.264653892287818,2318.603572557376,144.9255464126095,0.0,2463.5291189699856,2318.603572557376,2463.5291189699856
45,1574.1770117976193,5.863361510217919,-0.23449981325410446,1595.1366666666665,1574.25,1557.57,2478067.643480281,-36484632975.62511,0.0,0.0,,0.0,0.0,0.0,2514.00146484375,672.91259765625,0.0,3186.9140625,2514.00146484375,1841.0888671875,1135.268654662721,180.0213375500171,-9.57810134522374e-16,1315.289992212738,1135.268654662721,955.2473171127039,16.17790373072017,1.8938011858496644,0.0,18.071704916569836,16.17790373072017,14.284102544870507,2320.8819455024454,143.6252306196161,0.0,2464.5071761220615,2320.8819455024454,2464.5071761220615
46,1579.499225,7.353137968280311,0.15051288558733883,1601.26,1579.25,1560.25,2494871.870413581,-36748941933.30687,0.0,0.0,,0.0,0.0,0.0,2524.76806640625,683.67919921875,0.0,3208.447265625,2524.76806640625,1841.0888671875,1138.3418157456156,184.2831077880935,0.0,1322.624923533709,1138.3418157456156,954.0587079575221,16.278350626369125,2.0283326433593984,0.0,18.306683269728524,16.278350626369125,14.250017983009727,2323.332177978162,147.07911800916054,0.0,2470.4112959873223,2323.332177978162,2470.4112959873223
47,1497.8379555476192,225.44980140148428,-1.8757560741269361,1708.2,1578.25,931.54,2294346.1540310397,-33693364904.754524,0.0,0.0,,0.0,0.0,0.0,2589.36767578125,608.31298828125,0.0,3197.6806640625,2589.36767578125,1981.0546875,1169.4752137598225,152.84952195479872,1.1736007800688094e-15,1322.3247357146213,1169.4752137598225,1016.6256918050238,17.46878648048943,3.6178091657327833,0.0,21.086595646222214,17.46878648048943,13.850977314756648,2348.532595153897,120.22330503902413,0.0,2468.755900192921,2348.532595153897,2468.755900192921
48,1607.6004315,11.677908598863263,0.06164858802968701,1637.97,1606.30125,1582.98,2584515.5209082295,-38160770129.326996,0.0,0.0,,0.0,0.0,0.0,2530.1513671875,689.0625,0.0,3219.2138671875,2530.1513671875,1841.0888671875,1140.7094939959554,186.0621216121533,0.0,1326.7716156081087,1140.7094939959554,954.6473723838021,16.16405727902213,1.9824204832160675,0.0,18.1464777622382,16.16405727902213,14.181636795806064,2324.0767873733453,147.7433339701306,0.0,2471.820121343476,2324.0767873733453,2471.820121343476
49,1577.9072562619046,13.729570249915824,0.6437581721476031,1610.38,1574.5557142857142,1550.86,2489979.8104632194,-36672265394.15982,0.0,0.0,,0.0,0.0,0.0,2519.384765625,678.2958984375,0.0,3197.6806640625,2519.384765625,1841.0888671875,1137.1228343734942,184.0890360990033,8.210678524111405e-16,1321.2118704724976,1137.1228343734942,953.033798274491,16.088756460368913,1.826519137797149,0.0,17.915275598166062,16.088756460368913,14.262237322571764,2321.7745259638086,146.79749828870627,0.0,2468.572024252515,2321.7745259638086,2468.572024252515
50,1547.3603545595238,12.213745217978696,0.08717308093085302,1576.73,1547.9775,1522.04,2394473.242434825,-35171934849.523926,0.0,0.0,,0.0,0.0,0.0,2508.6181640625,689.0625,0.0,3197.6806640625,2508.6181640625,1819.5556640625,1135.0286457126806,183.3427437569432,9.822506110424336e-16,1318.3713894696239,1135.0286457126806,951.6859019557374,16.22190711151383,1.9902531484309236,0.0,18.212160259944753,16.22190711151383,14.231653963082906,2320.1283616741243,146.2888887713998,0.0,2466.417250445524,2320.1283616741243,2466.417250445524
51,1532.8381710119047,7.621290842621907,-0.8550906190426844,1546.01,1533.71,1511.47,2349650.942585229,-34468972156.47332,0.0,0.0,,0.0,0.0,0.0,2514.00146484375,672.91259765625,0.0,3186.9140625,2514.00146484375,1841.0888671875,1135.5509837635109,182.53937238416665,0.0,1318.0903561476775,1135.5509837635109,953.0116113793442,16.21184252053195,2.0323267211153,0.0,18.24416924164725,16.21184252053195,14.179515799416649,2320.6974466817574,145.73175250188046,4.664115167423942e-15,2466.429199183638,2320.6974466817574,2466.429199183638
52,1530.5040872261907,9.612626327749286,-0.7735762646681307,1545.6,1531.3000000000002,1503.98,2342535.1636009915,-34357548770.123142,0.0,0.0,,0.0,0.0,0.0,2514.00146484375,672.91259765625,0.0,3186.9140625,2514.00146484375,1841.0888671875,1134.457844988707,181.22429006481252,0.0,1315.6821350535195,1134.457844988707,953.2335549238944,16.24967870366908,1.924462589190444,0.0,18.174141292859524,16.24967870366908,14.325216114478636,2319.9076863349974,144.68705330455555,4.689007831418272e-15,2464.594739639553,2319.9076863349974,2464.594739639553
53,1529.7069873095238,7.323858494864173,-0.6507653473389294,1542.7,1531.24,1509.82,2340057.105926832,-34318649648.334778,0.0,0.0,,0.0,0.0,0.0,2514.00146484375,672.91259765625,0.0,3186.9140625,2514.00146484375,1841.0888671875,1135.2976643000443,181.94626258496646,0.0,1317.2439268850108,1135.2976643000443,953.3514017150778,16.194151376803315,1.9395869214516814,0.0,18.133738298254997,16.194151376803315,14.254564455351634,2320.583098485279,145.11487150106723,0.0,2465.6979699863464,2320.583098485279,2465.6979699863464
54,1526.9184052023809,10.969652354851691,0.05784008585733813,1552.4000000000003,1526.7216666666666,1502.26,2331600.1494185687,-34186314452.70691,0.0,0.0,,0.0,0.0,0.0,2503.23486328125,683.67919921875,0.0,3186.9140625,2503.23486328125,1819.5556640625,1132.6034031736729,182.618912783579,-9.175170043588177e-16,1315.2223159572518,1132.6034031736729,949.9844903900938,16.106442610797874,1.9008058876653031,0.0,18.007248498463177,16.106442610797874,14.20563672313257,2318.288806961348,146.11439038732738,4.6275685076552315e-15,2464.403197348676,2318.288806961348,2464.403197348676
55,1520.4397181190475,9.176568940247796,-0.18905810078253948,1541.6500000000003,1520.04,1499.72,2311821.1458514445,-33876546195.564335,0.0,0.0,,0.0,0.0,0.0,2503.23486328125,683.67919921875,0.0,3186.9140625,2503.23486328125,1819.5556640625,1131.5175681314677,183.45857222829,0.0,1314.9761403597577,1131.5175681314677,948.0589959031777,16.302122664360905,1.9124216676654164,0.0,18.21454433202632,16.302122664360905,14.389700996695488,2317.35109642784,146.83099750897964,0.0,2464.1820939368195,2317.35109642784,2464.1820939368195
56,1463.5376022857145,216.40318466012513,-1.565805332652435,1766.76,1545.335,932.63,2188772.651635262,-32038697548.467155,0.0,0.0,,0.0,0.0,0.0,2551.6845703125,624.462890625,0.0,3176.1474609375,2551.6845703125,1927.2216796875,1150.94947229676,166.086621377737,-1.0164035723701808e-15,1317.036093674497,1150.94947229676,984.8628509190229,16.32357923451346,1.9371237678902276,0.0,18.260703002403687,16.32357923451346,14.386455466623232,2320.48628148477,141.85819580717248,4.893595779545777e-15,2462.344477291943,2320.48628148477,2462.344477291943
57,1536.5812743273812,17.712397785310966,1.427594459990506,1595.47,1537.0587500000001,1510.88,2361395.741648863,-34653554686.79532,0.0,0.0,,0.0,0.0,0.0,2546.30126953125,683.67919921875,0.0,3229.98046875,2546.30126953125,1862.6220703125,1143.3672349103376,186.0581808061458,9.398686763489662e-16,1329.4254157164835,1143.3672349103376,957.3090541041919,16.13793516217759,2.1151706360110296,0.0,18.25310579818862,16.13793516217759,14.022764526166561,2326.142931099746,147.45649070878108,0.0,2473.599421808527,2326.142931099746,2473.599421808527
58,1521.5984946666667,11.431006356316361,-0.415737265687625,1543.15,1522.8094999999998,1490.87,2315392.6468781843,-33932548313.964073,0.0,0.0,,0.0,0.0,0.0,2497.8515625,678.2958984375,0.0,3176.1474609375,2497.8515625,1819.5556640625,1132.3912186346329,181.92998287698344,-1.8559596932519642e-15,1314.3212015116162,1132.3912186346329,950.4612357576493,16.110114780402974,1.78643344337425,0.0,17.896548223777224,16.110114780402974,14.323681337028724,2318.2341072959643,145.61013597819237,0.0,2463.8442432741567,2318.2341072959643,2463.8442432741567
59,1521.8048305000002,9.118793782972379,-0.12023568383600766,1542.49,1522.7241666666666,1502.01,2315973.0945331897,-33941540552.26966,0.0,0.0,,0.0,0.0,0.0,2503.23486328125,672.91259765625,0.0,3176.1474609375,2503.23486328125,1830.322265625,1132.5554560327412,180.6672171705507,-9.475743910095384e-16,1313.2226732032918,1132.5554560327412,951.8882388621904,16.1963315211969,1.951147707086701,0.0,18.1474792282836,16.1963315211969,14.245183814110199,2318.5199069838845,144.55065306103938,4.70229422284579e-15,2463.070560044924,2318.5199069838845,2463.070560044924
60,1500.5178625833332,21.423042638149795,-0.7911505862748872,1532.57,1505.346,1453.16,2252012.8026875313,-32941859932.601326,0.0,0.0,,0.0,0.0,0.0,2540.91796875,678.2958984375,0.0,3219.2138671875,2540.91796875,1862.6220703125,1141.911826802925,183.49482237908455,0.0,1325.4066491820095,1141.911826802925,958.4170044238404,16.235838931241418,1.8447687537173962,0.0,18.080607684958814,16.235838931241418,14.391070177524021,2325.6573160843764,145.62147129696496,0.0,2471.2787873813413,2325.6573160843764,2471.2787873813413
61,1509.982214761905,13.933027398885686,2.4804523581009263,1579.94,1507.75,1492.96,2280240.4181497656,-33382635345.303352,0.0,0.0,,0.0,0.0,0.0,2535.53466796875,651.37939453125,0.0,3186.9140625,2535.53466796875,1884.1552734375,1139.7248198042664,178.19319909778636,9.875930070557806e-16,1317.9180189020528,1139.7248198042664,961.5316207064801,16.074636002213705,1.7824754178079836,0.0,17.85711142002169,16.074636002213705,14.292160584405721,2324.4645209133773,141.7032423761052,0.0,2466.1677632894825,2324.4645209133773,2466.1677632894825
62,1468.7981754166665,251.27913450319,-1.3974658757839282,1772.34,1593.24,930.7599999999999,2220509.2835440016,-32563040066.88266,0.0,0.0,,0.0,0.0,0.0,2530.1513671875,645.99609375,0.0,3176.1474609375,2530.1513671875,1884.1552734375,1150.4585602740765,168.76298541165875,0.0,1319.2215456857352,1150.4585602740765,981.6955748624177,17.174671363862725,0.9947774617700027,0.0,18.169448825632728,17.174671363862725,16.179893902092722,2325.1457782376933,139.8566416026365,0.0,2465.00241984033,2325.1457782376933,2465.00241984033
63,1540.3712965357145,13.451211957248862,-1.180586502322195,1560.39,1543.59,1499.12,2372924.666294236,-34834025720.38028,0.0,0.0,,0.0,0.0,0.0,2492.46826171875,672.91259765625,0.0,3165.380859375,2492.46826171875,1819.5556640625,1129.3681109058612,181.21141984018155,-1.7998705909678634e-15,1310.5795307460426,1129.3681109058612,948.1566910656795,16.042549416829576,1.8719316081287154,0.0,17.91448102495829,16.042549416829576,14.170617808700861,2315.919075941465,145.41837964400497,-4.770048390873336e-15,2461.33745558547,2315.919075941465,2461.33745558547
64,1531.4129621190475,7.462535449587201,-0.3151740454536117,1545.2,1532.1200000000001,1514.17,2345281.349981572,-34400500997.468796,0.0,0.0,,0.0,0.0,0.0,2497.8515625,678.2958984375,0.0,3176.1474609375,2497.8515625,1819.5556640625,1132.1442883738177,180.6890624051353,-8.682948527705319e-16,1312.833350778953,1132.1442883738177,951.4552259686824,16.215688708023887,1.855338762365026,0.0,18.071027470388913,16.215688708023887,14.36034994565886,2318.2068672831465,144.59076725766886,4.698381598996227e-15,2462.7976345408156,2318.2068672831465,2462.7976345408156
65,1528.033640642857,5.506454488922265,-0.33001943072331363,1540.22,1527.8875,1512.87,2334917.1279773028,-34238087469.939194,0.0,0.0,,0.0,0.0,0.0,2503.23486328125,683.67919921875,0.0,3186.9140625,2503.23486328125,1819.5556640625,1134.6638834885682,183.49600443920707,8.290543136682956e-16,1318.1598879277753,1134.6638834885682,951.1678790493612,16.094902359757313,2.0618754609188485,0.0,18.15677782067616,16.094902359757313,14.033026898838465,2319.840863592729,146.55008876090574,4.5864173409635516e-15,2466.390952353635,2319.840863592729,2466.390952353635
66,1516.6854061904764,6.508396558409723,0.1967646546708492,1531.77,1516.441,1504.9399999999998,2300376.9805769315,-33697349188.847183,0.0,0.0,,0.0,0.0,0.0,2503.23486328125,683.67919921875,0.0,3186.9140625,2503.23486328125,1819.5556640625,1133.999805043027,183.65277554149208,-9.021087428056219e-16,1317.652580584519,1133.999805043027,950.3470295015348,16.170510608039407,1.8641114906341372,0.0,18.034622098673545,16.170510608039407,14.30639911740527,2319.3164756922224,146.77818770659565,-4.638698277689783e-15,2466.094663398818,2319.3164756922224,2466.094663398818
67,1428.519631797619,254.88123704841604,-1.1545941954157621,1768.8,1516.44,940.87,2105632.783430536,-30777246401.901745,0.0,0.0,,0.0,0.0,0.0,2600.13427734375,608.31298828125,0.0,3208.447265625,2600.13427734375,1991.8212890625,1169.4990917209493,157.2471595490657,-2.155729236323371e-15,1326.746251270015,1169.4990917209493,1012.2519321718835,16.032143030359332,1.5106436834118604,0.0,17.542786713771193,16.032143030359332,14.521499346947472,2342.7245964037,127.69915618584741,-5.310918853309057e-15,2470.4237525895473,2342.7245964037,2470.4237525895473
68,1546.766807440476,20.94607341948329,1.2227207024550624,1616.71,1541.85,1508.79,2392926.294591297,-35148249593.38403,0.0,0.0,,0.0,0.0,0.0,2551.6845703125,689.0625,0.0,3240.7470703125,2551.6845703125,1862.6220703125,1146.7208402269844,186.95426600846656,1.8528375506084397e-15,1333.675106235451,1146.7208402269844,959.7665742185179,16.11599223221912,2.021876723484496,0.0,18.137868955703617,16.11599223221912,14.094115508734625,2329.038849483438,147.8547535252094,-4.61014131250246e-15,2476.893603008647,2329.038849483438,2476.893603008647
69,1518.7202910416665,14.260988860862735,-0.1698145972263764,1553.71,1517.9366666666667,1481.09,2306714.698224975,-33796855990.028526,0.0,0.0,,0.0,0.0,0.0,2514.00146484375,672.91259765625,0.0,3186.9140625,2514.00146484375,1841.0888671875,1136.4900728452105,181.79411557697523,-1.0075672016919572e-15,1318.2841884221857,1136.4900728452105,954.6959572682352,16.343628819204557,2.293398076742239,0.0,18.637026895946796,16.343628819204557,14.050230742462318,2321.608284732699,144.89743948265573,4.7451472645254535e-15,2466.505724215355,2321.608284732699,2466.505724215355
70,1510.8237449880953,10.192089202331069,-0.49133650480621377,1531.95,1509.34,1481.01,2282692.2671021614,-33420799405.28269,0.0,0.0,,0.0,0.0,0.0,2508.6181640625,678.2958984375,0.0,3186.9140625,2508.6181640625,1830.322265625,1134.6380203662109,182.61431953605756,0.0,1317.2523399022684,1134.6380203662109,952.0237008301533,16.14092005042386,2.0273925133185458,0.0,18.168312563742404,16.14092005042386,14.113527537105313,2319.7380770657637,145.82618313123317,-4.73014182157064e-15,2465.5642601969967,2319.7380770657637,2465.5642601969967
71,1489.6009852857142,11.022392370954792,0.9270521317403942,1514.67,1481.68,1478.85,2219032.5884977505,-32426038947.29534,0.0,0.0,,0.0,0.0,0.0,2519.384765625,678.2958984375,0.0,3197.6806640625,2519.384765625,1841.0888671875,1135.9484026000218,182.46794759731023,9.197962170860257e-16,1318.4163501973321,1135.9484026000218,953.4804550027117,16.143139876006757,1.8894226416321445,0.0,18.0325625176389,16.143139876006757,14.253717234374612,2320.9591043017163,145.5404096765485,4.7580599423308685e-15,2466.499513978265,2320.9591043017163,2466.499513978265
72,1448.8090883571429,170.77060783130915,-2.2800461959937994,1778.92,1499.51,941.97,2128210.37500533,-31062043339.49996,0.0,0.0,,0.0,0.0,0.0,2325.5859375,839.794921875,0.0,3165.380859375,2325.5859375,1485.791015625,1088.7885986419242,221.009674717645,-1.5528831553627097e-15,1309.798273359569,1088.7885986419242,867.7789239242791,18.14713797143156,3.9642682322144154,0.0,22.111406203645977,18.14713797143156,14.182869739217146,2274.3573458764367,186.36224113467688,0.0,2460.7195870111136,2274.3573458764367,2460.7195870111136
73,1515.4179192499998,148.59321444613025,-3.250344676842751,1614.55,1544.415,947.04,2318571.413363433,-34020913606.528206,0.0,0.0,,0.0,0.0,0.0,1894.921875,333.7646484375,0.0,2228.6865234375,1894.921875,1561.1572265625,970.0150063129556,90.08993460643546,0.0,1060.104940919391,970.0150063129556,879.9250717065202,19.394888523900324,0.5826706182723989,0.0,19.977559142172723,19.394888523900324,18.812217905627925,2177.6082642904657,78.93344510986094,-8.64012115887364e-15,2256.5417094003265,2177.6082642904657,2256.5417094003265
74,1529.4023418690476,8.627093161123337,0.6033396632843416,1551.36,1527.8712500000001,1511.71,2339145.9500509375,-34304417798.909122,0.0,0.0,,0.0,0.0,0.0,2508.6181640625,689.0625,0.0,3197.6806640625,2508.6181640625,1819.5556640625,1135.082359473156,185.5818621473128,-1.748536859025966e-15,1320.6642216204687,1135.082359473156,949.5004973258431,16.251045677688015,1.9681818931046742,0.0,18.21922757079269,16.251045677688015,14.282863784583341,2319.8210000608233,148.20168274631692,4.577841039668839e-15,2468.0226828071404,2319.8210000608233,2468.0226828071404
75,1514.1210485357144,11.260747622128473,0.12189338510141604,1540.82,1514.51,1490.49,2292689.3540559006,-33577230520.066452,0.0,0.0,,0.0,0.0,0.0,2492.46826171875,694.44580078125,0.0,3186.9140625,2492.46826171875,1798.0224609375,1131.0164987685816,185.37468043314834,0.0,1316.39117920173,1131.0164987685816,945.6418183354333,16.390295376838935,2.000919329533204,0.0,18.39121470637214,16.390295376838935,14.389376047305731,2316.900460022548,148.6560197679671,-4.606870389884176e-15,2465.556479790515,2316.900460022548,2465.556479790515
76,1501.4593132619048,8.459521662042762,-0.2583913534025197,1521.57,1501.6149999999998,1479.01,2254451.632887661,-32979202375.66067,0.0,0.0,,0.0,0.0,0.0,2492.46826171875,672.91259765625,0.0,3165.380859375,2492.46826171875,1819.5556640625,1129.075948797532,180.620254031562,-1.896627441424392e-15,1309.6962028290939,1129.075948797532,948.4556947659698,16.228777392150004,1.9081988907793281,0.0,18.136976282929332,16.228777392150004,14.320578501370676,2315.673972384724,144.93868931399584,0.0,2460.61266169872,2315.673972384724,2460.61266169872
77,1419.627620261905,199.53266705697203,-1.704711905130824,1774.58,1497.81,933.45,2055155.8654333472,-29945683817.119995,0.0,0.0,,0.0,0.0,0.0,2363.26904296875,812.87841796875,0.0,3176.1474609375,2363.26904296875,1550.390625,1097.726585854483,216.63756059828222,-1.5572121414141339e-15,1314.364146452765,1097.726585854483,881.0890252562006,17.070924703632286,2.811925082183734,0.0,19.88284978581602,17.070924703632286,14.258999621448552,2279.542342192905,184.47373152459613,0.0,2464.016073717501,2279.542342192905,2464.016073717501
78,1555.968691095238,98.39969938429134,-5.356754781761289,1617.29,1552.94,949.2400000000001,2430721.0685075475,-35757496997.42088,0.0,0.0,,0.0,0.0,0.0,1760.33935546875,231.48193359375,0.0,1991.8212890625,1760.33935546875,1528.857421875,943.2603704273805,71.9433309494251,0.0,1015.2037013768056,943.2603704273805,871.3170394779554,17.207661780891353,1.7970777293845508,0.0,19.004739510275904,17.207661780891353,15.410584051506802,2160.052094425423,65.85865511091811,-1.039230179096627e-14,2225.910749536341,2160.052094425423,2225.910749536341
79,1544.7958927976192,6.321198323168714,0.27667216610600154,1561.48,1543.73,1530.32,2386434.307952634,-35045609671.903336,0.0,0.0,,0.0,0.0,0.0,2503.23486328125,683.67919921875,0.0,3186.9140625,2503.23486328125,1819.5556640625,1132.3965615422248,183.42811770411703,8.299751532385137e-16,1315.824679246342,1132.3965615422248,948.9684438381079,16.204764763414815,1.8687819490773734,0.0,18.07354671249219,16.204764763414815,14.335982814337441,2318.2000396572644,146.85759162340992,0.0,2465.0576312806743,2318.2000396572644,2465.0576312806743
80,1528.3603333690473,8.795100711260993,-1.055249334397461,1540.17,1530.98,1501.55,2335962.6624124674,-34254558192.949627,0.0,0.0,,0.0,0.0,0.0,2519.384765625,678.2958984375,0.0,3197.6806640625,2519.384765625,1841.0888671875,1136.6456195402145,182.58476146793993,-8.415292854676955e-16,1319.2303810081544,1136.6456195402145,954.0608580722745,16.162124991711593,1.9324151027478322,0.0,18.094540094459425,16.162124991711593,14.229709888963761,2321.513028100695,145.43994287956707,4.6165642892480935e-15,2466.9529709802623,2321.513028100695,2466.9529709802623
81,1530.7528318690477,5.422152247803941,-0.5383713846543584,1538.95,1531.6775,1516.32,2343233.632010107,-34368365859.806,0.0,0.0,,0.0,0.0,0.0,2503.23486328125,683.67919921875,0.0,3186.9140625,2503.23486328125,1819.5556640625,1132.1124515810475,184.26612098593796,0.0,1316.3785725669854,1132.1124515810475,947.8463305951095,16.094756254178726,1.8626906555461815,0.0,17.957446909724908,16.094756254178726,14.232065598632545,2317.592526457709,147.66247624574407,0.0,2465.255002703453,2317.592526457709,2465.255002703453
82,1519.7288822380951,11.624044331289234,-1.6541175551471257,1535.9800000000002,1523.02,1477.17,2309710.993915266,-33843616531.28952,0.0,0.0,,0.0,0.0,0.0,2514.00146484375,672.91259765625,0.0,3186.9140625,2514.00146484375,1841.0888671875,1134.471926489311,181.24956213693486,0.0,1315.721488626246,1134.471926489311,953.2223643523762,16.243019049919592,1.8438153649840707,0.0,18.086834414903663,16.243019049919592,14.399203684935522,2320.4279940194456,145.04921135923337,-4.730267626036566e-15,2465.4772053786787,2320.4279940194456,2465.4772053786787
83,1579.944130738095,62.941320955361014,0.3242350690640431,1803.66,1590.654,1443.63,2500185.0661373613,-36840364082.29087,0.0,0.0,,0.0,0.0,0.0,2444.0185546875,667.529296875,0.0,3111.5478515625,2444.0185546875,1776.4892578125,1119.976429699635,175.1516239576136,-9.532796335352682e-16,1295.1280536572485,1119.976429699635,944.8248057420213,16.932747736363012,2.873475158530347,0.0,19.80622289489336,16.932747736363012,14.059272577832665,2307.5122514623044,143.02603422646075,4.774700099453437e-15,2450.5382856887654,2307.5122514623044,2450.5382856887654
84,1430.9630131666665,256.70692195811705,-1.2246876282316017,1604.6,1561.045,938.63,2113553.5888322364,-30901600433.33149,0.0,0.0,,0.0,0.0,0.0,2562.451171875,635.2294921875,0.0,3197.6806640625,2562.451171875,1927.2216796875,1154.910178674444,164.4681254349788,2.093412931882285e-15,1319.378304109423,1154.910178674444,990.4420532394654,16.40135125125813,2.414178682132718,0.0,18.81552993339085,16.40135125125813,13.987172569125413,2334.302284242386,132.6734080329545,5.184320316770858e-15,2466.975692275341,2334.302284242386,2466.975692275341
85,1554.0059138214285,22.62612869172992,0.9387450211635963,1626.49,1552.085,1505.26,2415446.321891548,-35501796229.833405,0.0,0.0,,0.0,0.0,0.0,2476.318359375,678.2958984375,0.0,3154.6142578125,2476.318359375,1798.0224609375,1126.0424852226715,180.1828476867547,0.0,1306.2253329094262,1126.0424852226715,945.8596375359168,16.081876907432957,2.0313372114713104,0.0,18.113214118904267,16.081876907432957,14.050539695961646,2313.096990276926,144.95386986319363,0.0,2458.0508601401198,2313.096990276926,2458.0508601401198
86,1549.1344085714286,6.327351882749799,-0.5938985806000697,1559.6500000000003,1549.84,1533.34,2399857.451201798,-35256193588.13072,0.0,0.0,,0.0,0.0,0.0,2492.46826171875,672.91259765625,0.0,3165.380859375,2492.46826171875,1819.5556640625,1129.9774569276533,180.03629313135946,1.835345296458248e-15,1310.0137500590129,1129.9774569276533,949.941163796294,16.24073783339656,1.9756668531486632,0.0,18.216404686545225,16.24073783339656,14.265070980247899,2315.8731026820724,144.10397468390352,-4.668351086314634e-15,2459.9770773659757,2315.8731026820724,2459.9770773659757
87,1541.3923307142857,5.156887140416425,-0.27583710511698406,1552.1500000000003,1542.3249999999998,1529.25,2375916.910669797,-34880637461.58558,0.0,0.0,,0.0,0.0,0.0,2508.6181640625,689.0625,0.0,3197.6806640625,2508.6181640625,1819.5556640625,1135.3683341495596,184.64827675115976,0.0,1320.0166109007193,1135.3683341495596,950.7200573983998,16.255137247594508,2.077991319658981,0.0,18.33312856725349,16.255137247594508,14.177145927935527,2320.5812559518677,147.51460079943035,0.0,2468.095856751298,2320.5812559518677,2468.095856751298
88,1540.0635931190475,6.9575652189865895,-0.014287965949178716,1554.3,1539.91,1526.04,2371844.278564528,-34816822083.95006,0.0,0.0,,0.0,0.0,0.0,2497.8515625,678.2958984375,0.0,3176.1474609375,2497.8515625,1819.5556640625,1131.2950261437447,181.69369398734875,0.0,1312.9887201310935,1131.2950261437447,949.601332156396,16.301982192811153,1.9899494934086803,0.0,18.291931686219833,16.301982192811153,14.312032699402472,2317.2959533684384,145.5088193556221,0.0,2462.8047727240605,2317.2959533684384,2462.8047727240605
89,1564.0287721309523,48.47775323571707,1.2040467585310077,1697.66,1539.004,1520.0999999999997,2448536.0926122377,-36025173015.962006,0.0,0.0,,0.0,0.0,0.0,2567.83447265625,629.84619140625,0.0,3197.6806640625,2567.83447265625,1937.98828125,1147.952362443809,170.34246134289856,0.0,1318.2948237867076,1147.952362443809,977.6099011009105,16.395785210081485,2.1115502116831806,0.0,18.507335421764665,16.395785210081485,14.284234998398304,2331.7665435758736,134.72515655214715,-5.046263422362093e-15,2466.4917001280205,2331.7665435758736,2466.4917001280205
90,1618.8934292857143,25.48136614089163,1.0926753610242337,1693.5,1610.93,1565.26,2621465.2354048663,-38744580120.671555,0.0,0.0,,0.0,0.0,0.0,2594.7509765625,699.8291015625,0.0,3294.580078125,2594.7509765625,1894.921875,1156.0321756567157,190.727851266566,-9.396277232194014e-16,1346.7600269232817,1156.0321756567157,965.3043243901496,16.357025841352222,2.141415799802065,0.0,18.498441641154287,16.357025841352222,14.215610041550157,2335.675873550814,149.2737835706364,-4.619909326331371e-15,2484.94965712145,2335.675873550814,2484.94965712145
91,1474.9450151666665,238.87317853788426,-1.531364611343308,1804.9000000000003,1570.4216666666666,934.81,2232523.193189791,-32739350108.0247,0.0,0.0,,0.0,0.0,0.0,2589.36767578125,683.67919921875,0.0,3273.046875,2589.36767578125,1905.6884765625,1163.5655776593449,177.32574792682692,-1.9208018686066086e-15,1340.8913255861717,1163.5655776593449,986.2398297325178,16.990617686876295,2.7602010054454134,0.0,19.750818692321708,16.990617686876295,14.230416681430881,2330.27865854468,151.88889401778465,-4.451812679383658e-15,2482.1675525624646,2330.27865854468,2482.1675525624646
92,1573.9584530119048,15.247783126110676,2.2413084510308177,1631.46,1570.0549999999998,1555.94,2477577.706697889,-36477329330.452705,0.0,0.0,,0.0,0.0,0.0,2551.6845703125,689.0625,0.0,3240.7470703125,2551.6845703125,1862.6220703125,1145.3123324059754,186.6206069562545,0.0,1331.93293936223,1145.3123324059754,958.6917254497209,15.98963947388085,1.9389208354625467,0.0,17.928560309343396,15.98963947388085,14.050718638418303,2328.438233044959,148.00731705284647,4.595899827138753e-15,2476.4455500978056,2328.438233044959,2476.4455500978056
93,1564.2507424880953,2.860427243841765,0.1336748712072572,1571.86,1564.4050000000002,1555.82,2446888.5674185744,-35994549289.38802,0.0,0.0,,0.0,0.0,0.0,2503.23486328125,683.67919921875,0.0,3186.9140625,2503.23486328125,1819.5556640625,1132.1560158218394,183.70972151844478,1.8025402023121583e-15,1315.8657373402843,1132.1560158218394,948.4462943033948,16.234506279830466,1.8975981834880535,0.0,18.13210446331852,16.234506279830466,14.336908096342412,2317.8206677701296,147.06442082652848,0.0,2464.885088596658,2317.8206677701296,2464.885088596658
94,1559.2320042913166,5.424268119135964,0.9053278584076576,1573.87,1558.085,1551.08,2431233.8658909444,-35748701523.08143,0.0,0.0,,0.0,0.0,0.0,2497.8515625,678.2958984375,0.0,3176.1474609375,2497.8515625,1819.5556640625,1131.3068814086612,182.42463236627418,0.0,1313.7315137749354,1131.3068814086612,948.882249042387,16.214388764302434,1.9228899494941558,0.0,18.13727871379659,16.214388764302434,14.291498814808278,2317.3299084738683,146.16161942783833,-4.697649925762453e-15,2463.4915279017064,2317.3299084738683,2463.4915279017064
95,1556.5654030714286,5.299156714719792,-0.6654570823179785,1565.55,1557.5749999999998,1540.33,2422923.9351008064,-35618214552.84573,0.0,0.0,,0.0,0.0,0.0,2497.8515625,678.2958984375,0.0,3176.1474609375,2497.8515625,1819.5556640625,1131.7511861297712,181.19662704662102,-9.392929295530906e-16,1312.9478131763922,1131.7511861297712,950.5545590831501,16.202538745955017,1.8844627347860623,0.0,18.08700148074108,16.202538745955017,14.318076011168955,2317.7597640127033,145.01763232804797,0.0,2462.7773963407512,2317.7597640127033,2462.7773963407512
96,1489.8444609345238,217.28232878131053,-1.8132770872436843,1788.3,1552.0210000000002,942.9,2266848.1281779115,-33257500884.208435,0.0,0.0,,0.0,0.0,0.0,2594.7509765625,592.1630859375,0.0,3186.9140625,2594.7509765625,2002.587890625,1160.6028129087335,155.77626186087997,-1.1086866294848292e-15,1316.3790747696135,1160.6028129087335,1004.8265510478535,16.62495697422134,2.1815639061140146,0.0,18.806520880335356,16.62495697422134,14.443393068107326,2338.8638385845925,125.931582816954,5.421121060006238e-15,2464.7954214015467,2338.8638385845925,2464.7954214015467
97,1586.644413375,31.04468852357673,1.3805837481069922,1661.7400000000002,1575.02,1543.64,2518404.2671796237,-37121047577.58063,0.0,0.0,,0.0,0.0,0.0,2540.91796875,678.2958984375,0.0,3219.2138671875,2540.91796875,1862.6220703125,1143.2090237741281,183.41184065765407,-9.811408968547848e-16,1326.6208644317821,1143.2090237741281,959.797183116474,16.13043376201538,2.121477337375161,0.0,18.25191109939054,16.13043376201538,14.008956424640218,2326.569980526423,145.51942566155344,-4.684561149166012e-15,2472.0894061879762,2326.569980526423,2472.0894061879762
98,1561.748849625,5.931642988891575,0.3514715618304061,1577.21,1561.04,1549.89,2439094.6536935586,-35872170810.05931,0.0,0.0,,0.0,0.0,0.0,2508.6181640625,689.0625,0.0,3197.6806640625,2508.6181640625,1819.5556640625,1135.949624680115,184.53238745776332,1.7785397426977765e-15,1320.4820121378784,1135.949624680115,951.4172372223518,16.190774417682494,2.01654323995454,0.0,18.207317657637034,16.190774417682494,14.174231177727954,2320.7497755653026,147.117008240446,0.0,2467.8667838057486,2320.7497755653026,2467.8667838057486
99,1561.660526547619,7.80980849788589,0.5149069283961525,1579.98,1560.4650000000001,1549.26,2438844.5932857604,-35868294779.61161,0.0,0.0,,0.0,0.0,0.0,2487.0849609375,678.2958984375,0.0,3165.380859375,2487.0849609375,1808.7890625,1129.0644515507875,181.43064890436995,0.0,1310.4951004551574,1129.0644515507875,947.6338026464175,16.25391138992088,1.9460610097925013,0.0,18.19997239971338,16.25391138992088,14.307850380128379,2315.3331083223247,145.48508614360549,-4.687879088112697e-15,2460.81819446593,2315.3331083223247,2460.81819446593
