,IMF_1_mean,IMF_1_std,IMF_1_skew,IMF_1_max,IMF_1_median,IMF_1_min,IMF_1_energy,IMF_1_entropy,IMF_1_zcr_mean,IMF_1_zcr_std,IMF_1_zcr_skew,IMF_1_zcr_max,IMF_1_zcr_median,IMF_1_zcr_min,IMF_1_spec_roll_off_mean,IMF_1_spec_roll_off_std,IMF_1_spec_roll_off_skew,IMF_1_spec_roll_off_max,IMF_1_spec_roll_off_median,IMF_1_spec_roll_off_min,IMF_1_spec_centroid_mean,IMF_1_spec_centroid_std,IMF_1_spec_centroid_skew,IMF_1_spec_centroid_max,IMF_1_spec_centroid_median,IMF_1_spec_centroid_min,IMF_1_spec_contrast_mean,IMF_1_spec_contrast_std,IMF_1_spec_contrast_skew,IMF_1_spec_contrast_max,IMF_1_spec_contrast_median,IMF_1_spec_contrast_min,IMF_1_spec_bandwidth_mean,IMF_1_spec_bandwidth_std,IMF_1_spec_bandwidth_skew,IMF_1_spec_bandwidth_max,IMF_1_spec_bandwidth_median,IMF_1_spec_bandwidth_min,IMF_2_mean,IMF_2_std,IMF_2_skew,IMF_2_max,IMF_2_median,IMF_2_min,IMF_2_energy,IMF_2_entropy,IMF_2_zcr_mean,IMF_2_zcr_std,IMF_2_zcr_skew,IMF_2_zcr_max,IMF_2_zcr_median,IMF_2_zcr_min,IMF_2_spec_roll_off_mean,IMF_2_spec_roll_off_std,IMF_2_spec_roll_off_skew,IMF_2_spec_roll_off_max,IMF_2_spec_roll_off_median,IMF_2_spec_roll_off_min,IMF_2_spec_centroid_mean,IMF_2_spec_centroid_std,IMF_2_spec_centroid_skew,IMF_2_spec_centroid_max,IMF_2_spec_centroid_median,IMF_2_spec_centroid_min,IMF_2_spec_contrast_mean,IMF_2_spec_contrast_std,IMF_2_spec_contrast_skew,IMF_2_spec_contrast_max,IMF_2_spec_contrast_median,IMF_2_spec_contrast_min,IMF_2_spec_bandwidth_mean,IMF_2_spec_bandwidth_std,IMF_2_spec_bandwidth_skew,IMF_2_spec_bandwidth_max,IMF_2_spec_bandwidth_median,IMF_2_spec_bandwidth_min,IMF_3_mean,IMF_3_std,IMF_3_skew,IMF_3_max,IMF_3_median,IMF_3_min,IMF_3_energy,IMF_3_entropy,IMF_3_zcr_mean,IMF_3_zcr_std,IMF_3_zcr_skew,IMF_3_zcr_max,IMF_3_zcr_median,IMF_3_zcr_min,IMF_3_spec_roll_off_mean,IMF_3_spec_roll_off_std,IMF_3_spec_roll_off_skew,IMF_3_spec_roll_off_max,IMF_3_spec_roll_off_median,IMF_3_spec_roll_off_min,IMF_3_spec_centroid_mean,IMF_3_spec_centroid_std,IMF_3_spec_centroid_skew,IMF_3_spec_centroid_max,IMF_3_spec_centroid_median,IMF_3_spec_centroid_min,IMF_3_spec_contrast_mean,IMF_3_spec_contrast_std,IMF_3_spec_contrast_skew,IMF_3_spec_contrast_max,IMF_3_spec_contrast_median,IMF_3_spec_contrast_min,IMF_3_spec_bandwidth_mean,IMF_3_spec_bandwidth_std,IMF_3_spec_bandwidth_skew,IMF_3_spec_bandwidth_max,IMF_3_spec_bandwidth_median,IMF_3_spec_bandwidth_min,IMF_4_mean,IMF_4_std,IMF_4_skew,IMF_4_max,IMF_4_median,IMF_4_min,IMF_4_energy,IMF_4_entropy,IMF_4_zcr_mean,IMF_4_zcr_std,IMF_4_zcr_skew,IMF_4_zcr_max,IMF_4_zcr_median,IMF_4_zcr_min,IMF_4_spec_roll_off_mean,IMF_4_spec_roll_off_std,IMF_4_spec_roll_off_skew,IMF_4_spec_roll_off_max,IMF_4_spec_roll_off_median,IMF_4_spec_roll_off_min,IMF_4_spec_centroid_mean,IMF_4_spec_centroid_std,IMF_4_spec_centroid_skew,IMF_4_spec_centroid_max,IMF_4_spec_centroid_median,IMF_4_spec_centroid_min,IMF_4_spec_contrast_mean,IMF_4_spec_contrast_std,IMF_4_spec_contrast_skew,IMF_4_spec_contrast_max,IMF_4_spec_contrast_median,IMF_4_spec_contrast_min,IMF_4_spec_bandwidth_mean,IMF_4_spec_bandwidth_std,IMF_4_spec_bandwidth_skew,IMF_4_spec_bandwidth_max,IMF_4_spec_bandwidth_median,IMF_4_spec_bandwidth_min,IMF_5_mean,IMF_5_std,IMF_5_skew,IMF_5_max,IMF_5_median,IMF_5_min,IMF_5_energy,IMF_5_entropy,IMF_5_zcr_mean,IMF_5_zcr_std,IMF_5_zcr_skew,IMF_5_zcr_max,IMF_5_zcr_median,IMF_5_zcr_min,IMF_5_spec_roll_off_mean,IMF_5_spec_roll_off_std,IMF_5_spec_roll_off_skew,IMF_5_spec_roll_off_max,IMF_5_spec_roll_off_median,IMF_5_spec_roll_off_min,IMF_5_spec_centroid_mean,IMF_5_spec_centroid_std,IMF_5_spec_centroid_skew,IMF_5_spec_centroid_max,IMF_5_spec_centroid_median,IMF_5_spec_centroid_min,IMF_5_spec_contrast_mean,IMF_5_spec_contrast_std,IMF_5_spec_contrast_skew,IMF_5_spec_contrast_max,IMF_5_spec_contrast_median,IMF_5_spec_contrast_min,IMF_5_spec_bandwidth_mean,IMF_5_spec_bandwidth_std,IMF_5_spec_bandwidth_skew,IMF_5_spec_bandwidth_max,IMF_5_spec_bandwidth_median,IMF_5_spec_bandwidth_min
0,0.00017715544617170946,0.0013708153602420535,1.1671200783443225,0.006466073374913065,4.197540882948026e-18,-0.006159161846547011,1.910518803983848e-06,0.21515597116201024,0.1503662109375,0.08049764392200759,-0.5644589096064273,0.25927734375,0.174072265625,0.0,5640.62255859375,1679.727526376787,0.4161227233616508,9399.2431640625,5507.11669921875,2616.2841796875,2998.9695488314114,1148.3806230597056,1.29430540270297,5917.342512598598,2849.6430265633335,1374.7465150900634,9.75841142902559,2.827504861460812,0.7178766513516363,16.10737346974235,9.145908713780408,5.822257470179025,2598.2769939854106,235.36534892804696,0.7677719149164086,3116.748048030532,2551.8456362633488,3116.748048030532,1.7899484240126888e-05,0.0008930709074958689,0.2248433958147684,0.006059782724606491,1.3787012727922771e-17,-0.006080838359522597,7.978960373515573e-07,0.09463251298606358,0.0957275390625,0.04827110875358042,-0.7940796368496277,0.15625,0.11572265625,0.0,4437.454833984375,1970.43009111804,1.6472595734675188,9646.875,4155.908203125,2497.8515625,2372.879730946449,1249.554621147091,1.9624280933991283,5852.741895547358,2117.3236227774228,1267.6378677152447,9.417959869388039,3.2009612313472533,2.1507927645889575,20.22907748926427,8.311898899893416,6.30475994153463,2380.398891416305,367.27065160907136,1.6483494634749059,3357.4757555807073,2286.93274986041,3357.4757555807073,-0.00011871503852511385,0.0008520121754134709,-2.0753132063099287,0.004701975804266038,-3.3604711632575496e-17,-0.004831075371647134,7.400180074248144e-07,0.08744761077789757,0.062939453125,0.029535526995280042,-1.058155230947943,0.09033203125,0.079345703125,0.0,3148.692626953125,2259.4925454861914,2.0697408641474966,9539.208984375,2384.80224609375,1065.8935546875,1851.788189467184,1458.7587890341301,2.3632657631577185,6148.958296935734,1376.5344239071833,726.3297645825606,9.587637661232478,2.934069014567358,0.5939221661666433,16.181890994502478,8.90352726208094,4.532680328761465,2038.7944392158831,399.7766454682005,1.1735860403792289,3022.0229128327146,1967.9773740134165,3022.0229128327146,-5.3600688824014844e-05,0.0005409397153154121,-1.7518676100118808,0.003064952607748432,-7.332130934061618e-17,-0.0031729021422337413,2.9548880944792794e-07,0.037960433726250895,0.0403076171875,0.018141127021670787,-1.1408780053986123,0.0576171875,0.048828125,0.0,2865.531005859375,2403.7104712591436,2.015448509285222,9549.9755859375,2067.1875,818.26171875,1673.0060352013486,1551.5302326571368,2.4258883961237783,6235.898518991304,1193.5582599645359,555.8143727144768,8.77557677085567,3.542099026359095,0.4824686959815607,17.160730077586912,8.220025382874793,3.051501524376433,1935.6411924056333,507.04864226515457,0.847469527946942,3041.361958469609,1805.7110664956144,3041.361958469609,-9.974038201235634e-05,0.0005491483667248132,-2.0697566781479817,0.0027471123489187614,-1.00005471307988e-16,-0.002802515430086296,3.1151207248050084e-07,0.03986123359101629,0.026806640625,0.01193036074634132,-0.954623686649469,0.044921875,0.030029296875,0.0,2578.062744140625,2580.108800545147,1.864680852004488,9582.275390625,1453.4912109375,559.86328125,1489.5861552247907,1651.0750508191081,2.4258070187580953,6354.937868525974,905.9211862053542,406.575950513311,10.407197866258082,2.6351493701695667,0.49640415551630324,16.602080555409945,10.20458061675183,5.7686285648596645,1802.7094353531575,612.8956104168209,0.6751150158613564,2986.452371188336,1524.275923272487,2986.452371188336
1,-5.3304564081495865e-05,0.0015357461676090169,-0.5697951223989823,0.012009197510630534,-7.118388744311866e-17,-0.012588052049254436,2.3613576678777013e-06,0.2579090706056468,0.2028076171875,0.09094797329712831,-1.1310255129838682,0.28662109375,0.24755859375,0.0,6460.499267578125,1043.7245678080358,0.4242419062661404,9226.9775390625,6556.8603515625,4748.0712890625,3326.691550434799,688.1972029902115,0.1942883316217853,5063.778034410469,3465.625341484595,1922.396078369965,7.589892187959268,3.586038352470631,-0.0029764172689034428,14.248508120947848,7.357904719230673,0.47061694562354006,2743.6309438231447,271.2134982566768,1.3845994654923097,3514.90605042215,2678.2012212608724,3514.90605042215,-3.162177178019645e-05,0.0012833317353548328,-0.49767387818193115,0.014384117871854932,3.101052052333268e-18,-0.014366665458906233,1.6479402794193652e-06,0.1850464901115044,0.1341796875,0.058690837533642265,-1.1404237940217044,0.19189453125,0.160888671875,0.0,5660.00244140625,1207.0080664695233,1.995510944002794,9689.94140625,5243.3349609375,4360.4736328125,2828.863109044574,832.5443035941195,2.9260669382010445,6120.813330288929,2693.8485840584667,1728.8676408978445,8.768234312106127,3.023940856966602,-0.5970597233622179,14.679856427257603,8.954862208213733,0.745946434864301,2641.5420038703296,233.29864777871248,1.7307146678886658,3345.6367399296673,2621.058836049755,3345.6367399296673,-2.655063699090773e-05,0.0012039463901462053,-0.45490253956087795,0.006250578579197197,5.417076724295829e-18,-0.006448101000462244,1.4501918466707018e-06,0.16592965026450085,0.0942138671875,0.040713251066087815,-1.0199527227448364,0.14501953125,0.109375,0.0,4465.986328125,1570.0702899031826,1.8325236527174518,9808.3740234375,4295.8740234375,2357.8857421875,2281.804249872596,985.1291129863606,3.107198320931685,6244.2262608893925,2234.876753887749,1132.86809279615,10.022575542049626,4.683138723815656,0.11966138498294063,19.574074309807102,9.085358222834005,0.4070572909125332,2411.8353179885644,305.95289147625056,0.7102045906648675,3118.06409128192,2375.21366424961,3118.06409128192,-0.0001037651236836928,0.0011363690214897875,-0.893672499248348,0.007290080988932074,-9.535914030311447e-17,-0.0070500008895848,1.3021017538947492e-06,0.15284294730232995,0.0668701171875,0.029463424298463617,-0.7017083959825957,0.1142578125,0.075927734375,0.0,3660.64453125,2024.8167944526224,1.8838133262598473,9689.94140625,3095.39794921875,1948.7548828125,1904.218755002461,1111.930263270996,2.9899300135707048,6259.095316809338,1686.825866575195,1011.3841359338655,9.649016103529892,3.2639403243786855,0.9715390377108082,18.155944462020585,9.267064645177207,2.912525968383294,2247.9467281495154,442.6241425868727,1.4203915255198365,3585.571816921045,2146.8102427272806,3585.571816921045,-3.5906784833522646e-05,0.0011348453290444236,0.33921658217366196,0.006745728094264601,-9.676788989946268e-17,-0.006760861162083295,1.2891632180510266e-06,0.15203443514093737,0.0503662109375,0.021471761989171192,-0.5751981184063257,0.08642578125,0.0546875,0.0,2916.134033203125,2240.9622053731646,2.33039163222203,9776.07421875,2007.97119140625,1270.458984375,1630.901908820432,1267.4457159344781,3.0105604265846515,6511.418975108374,1239.1027464019137,733.5509741459969,10.103721576929768,4.315273056808713,0.41482048702228874,19.217249932615225,9.082146516826313,1.6754949102668633,2018.8139217508847,500.84461324328936,1.9956194207043696,3656.548132087614,1810.278744106409,3656.548132087614
2,0.00015420828762425896,0.000536435236525512,1.5010544942198873,0.001981908358299635,6.098859087827088e-07,-0.001943800656327007,3.115429589581881e-07,0.04126482526341198,0.1010009765625,0.07252222230306772,-0.2734181511311051,0.18505859375,0.117919921875,0.00048828125,4189.28466796875,1957.334110983563,-1.081391060739724,6072.36328125,5286.4013671875,10.7666015625,2176.689897472725,1068.4807439128056,-0.8625403784626768,3107.3927411680834,2844.0528815856596,6.829868804587879,16.30334777547957,10.714867564045887,1.3765232287072198,43.554878818356364,13.596996375586587,5.584775695047309,2189.408010536007,749.2633441140571,-2.244278379047563,2731.6528082863815,2459.899242186177,2731.6528082863815,0.0002436126038820003,0.0004087378934180196,1.1796451075185825,0.001284208687970191,7.517105053665615e-06,-0.0011068191764668513,2.264137662859688e-07,0.03158316490167034,0.0712158203125,0.05183083619095491,-0.2331356141102017,0.13525390625,0.082763671875,0.0,3048.563232421875,1605.3803544832354,-0.8370881340505334,4801.904296875,3692.9443359375,10.7666015625,1615.310948409537,793.2574338877286,-0.840595180231462,2498.8088496691375,1856.4454737049923,4.594427148998617,14.632041305008741,10.420943480095206,1.6586036486105717,42.57498927355044,11.436513602121984,3.268786902771428,2065.4210743547746,725.339006295541,-2.130908053603251,2658.5423432624552,2312.142600737023,2658.5423432624552,-2.451527928517615e-05,0.0003289867247731361,-0.5801302698210282,0.0009702222743324959,1.0856493991620185e-16,-0.0011455514882132726,1.0883326399538538e-07,0.015616986444062918,0.0484375,0.03559218652253719,-0.1731880732806848,0.09521484375,0.055419921875,0.0,2324.50927734375,1098.0133734918518,-0.8054406017391332,4015.9423828125,2524.76806640625,10.7666015625,1288.1236531590498,540.9603802254269,-1.3025573177049865,1931.6591830890493,1428.33219077934,6.7909569819680184,14.226082661024716,8.605681145440197,1.7535884374949904,38.615709290956,11.518314892526341,3.5298898860231027,1899.6299198213262,671.6351039838929,-2.039942465113196,2588.1002249907124,2105.476038169121,2588.1002249907124,-4.2895310997487225e-05,0.0002897821844555759,-0.7661160364192147,0.0008112220444785335,-6.853610197561937e-08,-0.001018408527224934,8.581372213341657e-08,0.012546255426683804,0.032763671875,0.02446279316347851,-0.08217414046999766,0.0693359375,0.03759765625,0.0,1746.3427734375,998.8168783856344,0.3039374812328609,3972.8759765625,1663.43994140625,10.7666015625,962.8031295438353,400.5793613465673,-1.101718858310097,1571.1058216690521,1021.9809516490589,6.507808332318101,14.37588360151966,8.947745708177319,1.7112883273921164,40.40148691392345,12.390901498520192,5.434815253494357,1703.2711883005807,645.3029160091828,-1.3144518871528281,2575.6355611694034,1745.1241817224136,2575.6355611694034,2.6658862795990223e-05,0.00034296864504606796,0.42648396279441686,0.0011596573066355647,8.195869387735547e-17,-0.001107409122847605,1.1833818645031122e-07,0.01701988369836279,0.0244140625,0.01878011192897799,0.09752471404622566,0.056640625,0.025390625,0.0,1111.651611328125,782.8872341898733,1.2597308700483265,3477.6123046875,942.07763671875,10.7666015625,716.6411652769499,345.4496284806336,-0.3060620583620389,1404.3343265976941,726.4813607315596,8.517423794874249,14.43251767704955,8.39127723631245,1.5985559923111883,37.16486927886847,12.529125583363557,4.48847454041195,1477.3540155936585,585.0488506552418,-1.020238475872509,2522.230811419022,1617.7467330977006,2522.230811419022
3,2.6096551912748866e-05,0.0008487242574752591,1.4133777666621554,0.009502033825084615,-1.3690169835665917e-18,-0.00907988344960472,7.210138952486648e-07,0.08190703119774431,0.121484375,0.11276692407638604,0.0475847589410677,0.26123046875,0.131103515625,0.0,8288.668212890625,1234.8981052199063,-0.33417880530355804,9636.1083984375,8677.880859375,5835.498046875,4709.545573328825,1152.6661960588538,0.18863316320551374,6182.007299532397,4283.148275851476,3000.976007127516,4.74403202208069,2.8012529817458347,0.6111848883240156,10.678452119250187,3.0861519871940013,0.3486703098625341,2940.438987317887,200.1863973635917,0.3107337067236645,3342.6948175911853,2966.2916827999766,3342.6948175911853,7.949964132498287e-06,0.001083533682287675,-0.6876319993825357,0.013344432897520513,-1.3307365788201129e-18,-0.013502221493366669,1.1741084425815957e-06,0.12328964216068951,0.078515625,0.07222430723392174,0.027371279269068665,0.169921875,0.08447265625,0.0,7206.08642578125,2300.022046966982,0.10990549275720507,9980.6396484375,6729.1259765625,3919.04296875,4262.15339246609,1839.6875122242595,0.3161007129627357,6659.504753120571,3288.8580682916054,2092.2567944482416,7.117603534894833,3.48252405750335,0.5691695903740099,14.179852915991052,6.140175947425092,1.1059382634790467,2749.0386877439223,298.3172172657708,-0.20171067927591868,3132.9561325334807,2803.2518518125485,3132.9561325334807,-1.7541695691602362e-05,0.000990202417155478,-1.2069798985002926,0.009889308546492231,-4.049077008341164e-18,-0.00967614850777924,9.808085380282882e-07,0.1068744750901035,0.056494140625,0.05188918230072283,0.03982901976576743,0.12548828125,0.06005859375,0.0,6591.3134765625,2841.1929355396396,0.06084635815036584,9959.1064453125,6416.89453125,3079.248046875,3835.4356454464587,2052.7417522995984,0.336521781809874,6717.463812597044,2821.1282882483974,1706.5297961462304,6.503500565890063,3.680238506336323,0.19786622783181648,13.073583509286882,4.794896962522515,0.6474688334947718,2718.676486026442,377.29144612000096,-0.2988258667461401,3195.9503368538535,2883.3562250489467,3195.9503368538535,-8.446956797655317e-05,0.0007688714027590375,-2.3627564582584872,0.0056741499403396845,-6.205013351813164e-17,-0.005302185342259163,5.982983418947957e-07,0.07006223144458815,0.041748046875,0.03812738755051285,0.0533726840549456,0.0966796875,0.043701171875,0.0,6562.781982421875,3003.36753232528,-0.017898783425088247,9937.5732421875,6965.9912109375,2627.05078125,3902.680197152571,2244.2709450222724,0.24220325031244913,6642.597025545969,3286.595266460547,1361.3248792191448,8.655462117523914,3.585390200280827,-0.36176934197394817,15.704621097926305,9.977368952793384,0.7093646423065856,2669.9399001627726,372.6466107155669,-0.3776849451757436,3062.0206421944763,2883.2573968818256,3062.0206421944763,-4.9694088042523456e-05,0.0008711429337010305,-0.5622470390175648,0.0076747049570305755,-4.802540559654554e-17,-0.00811860371271932,7.613595133236162e-07,0.08632860400738916,0.0326171875,0.030538703625537515,0.19618515720898783,0.08447265625,0.032470703125,0.0,6031.988525390625,3371.488475449011,0.05250376584531207,9948.33984375,5560.94970703125,1561.1572265625,3659.8101651694246,2388.499323413866,0.28356044413443143,6640.054034386708,2597.0864352779026,988.6398931350195,6.217536245725852,2.547207342547828,0.5400429001309747,11.57338054456995,4.700208577363927,1.4328004030613606,2532.7017084698155,479.87237122709575,-0.38169526342887966,3105.9597071421977,2552.043414830438,3105.9597071421977
4,4.159717811245463e-06,0.0009902544605052748,-0.05904338818631641,0.010270371759222467,1.2906481377018818e-12,-0.01038826337767834,9.806211998028626e-07,0.11326947395149528,0.273583984375,0.03921877310094875,-1.787508840940467,0.30908203125,0.2890625,0.16943359375,7229.234619140625,514.0922594283027,0.6322471806985404,8397.94921875,7095.1904296875,6535.3271484375,3807.926862474086,367.8375696341802,0.30594158234141283,4554.1831283210395,3750.238768140125,3133.8381023906063,10.261053020910486,4.2805971605367095,1.3081569154327268,23.006227249029408,9.475673019109639,4.116530187290763,2799.4064957949568,115.19329925696697,0.6887904614889936,3066.66792212525,2801.8727299619936,3066.66792212525,4.395117560789707e-06,0.0016508140093140563,0.32370848589488954,0.01388278795466235,-2.0180845951220478e-14,-0.01461465564372959,2.725206210405923e-06,0.2755174608009177,0.1660888671875,0.026206776136543125,-1.473755706858558,0.19482421875,0.171630859375,0.09619140625,4764.759521484375,1192.9252417093167,-0.12720695159713713,6546.09375,4726.5380859375,2767.0166015625,2467.578573410562,525.6947652580399,-0.1342774591015421,3250.7796612707975,2472.6845533838896,1582.233592311581,5.83146821442182,3.98051356834633,0.41052832527428407,14.176414687899749,5.052591286874533,0.28726155721312363,2415.7702185093235,199.07307220447748,-0.41853113676219295,2735.563832566422,2444.5802433746894,2735.563832566422,-0.00012267771559456198,0.0015546144806920495,-2.8293397257525967,0.009741970982540484,1.1068410393471088e-16,-0.010416538532174573,2.431876005480911e-06,0.249833967088269,0.1121826171875,0.02266901906045493,-0.9235861785633067,0.14111328125,0.119384765625,0.06201171875,3779.0771484375,1001.0681685347755,-0.7255833032998076,5114.1357421875,4150.52490234375,1765.72265625,1952.1248995756782,436.12680391933543,-0.8762596788344152,2474.6419770372254,2121.820584881666,1019.7822650005962,7.076611340087345,2.626646253094007,0.6630746240845736,13.526017373128113,6.9079154464708346,2.45891464173339,2257.0356086605025,223.77419520702287,-0.8833355869109667,2494.362087522211,2339.168945436876,2494.362087522211,-5.766995514810009e-05,0.0009048438199509816,-1.0310770666720288,0.005457491208913711,-3.8444930793880097e-08,-0.005195162177058002,8.220681622302682e-07,0.0989697216637138,0.0799072265625,0.020557322003812776,-0.37130085148242814,0.1123046875,0.08349609375,0.0390625,3192.29736328125,795.7276114402707,-0.0931600701444596,4543.505859375,3149.23095703125,1765.72265625,1677.3407042939307,310.4185456654812,-0.4955159240813495,2111.198624488121,1716.1391425083339,1049.456833039609,6.738127536007991,3.1263445993933727,0.566949511369017,13.818276408055613,6.283703681576738,2.2568726107065746,2164.4925142421043,220.64108071955764,-0.5275363582177574,2510.4961274739076,2199.9803971694932,2510.4961274739076,-5.3495631675169876e-05,0.0008999329965423183,-0.2917838610388919,0.005394148396557964,-2.092398088716859e-13,-0.005536422924098941,8.127411808739617e-07,0.10048689579750399,0.0565185546875,0.0191788738878395,0.09144930636135046,0.09228515625,0.058837890625,0.025390625,2580.216064453125,718.1111377524772,0.2780248220834497,4295.8740234375,2605.517578125,1324.2919921875,1430.786438989137,311.03163226877973,-0.22132650603474974,2031.6198294656815,1472.1529951951354,818.3950343969418,10.43082942960534,3.7205279788837613,0.3021962130883974,19.086895825890103,10.382796601412366,3.601113110396801,2049.157371023407,264.1612989778763,-0.5763447022739697,2494.989917682648,2083.1705222928,2494.989917682648
5,0.00016580255075719503,0.0013175351811389893,0.2637948889427398,0.013008258793266064,6.133463221758701e-06,-0.013417129021342742,1.7633894393765418e-06,0.1874563542044488,0.2488037109375,0.04403568046810729,-1.4794007637243434,0.2998046875,0.25927734375,0.123046875,6622.53662109375,1266.707489381934,-0.8599896149131115,8118.017578125,6896.00830078125,3746.77734375,3420.897128656262,763.244802641084,-0.5235199840509224,4408.024923089616,3552.6861520532757,1921.1698424743413,7.709413273390275,2.9278894092477583,0.34862472843539744,13.712425313189513,7.817434412078972,3.0532520649298958,2757.8220576417493,205.07146966586913,-0.904730732409256,3025.047716405549,2826.0107070230915,3025.047716405549,-7.757692795018156e-05,0.0013875997245962994,-1.1084297189750394,0.013079988374999076,-4.517600879702527e-08,-0.012956664679804721,1.9314511754499135e-06,0.2014264763484251,0.153466796875,0.030799711471296086,-1.1857025975289994,0.19384765625,0.159912109375,0.0712890625,4938.64013671875,1483.4529014187285,-0.25885456305396565,6976.7578125,4866.50390625,2347.119140625,2470.642030533531,627.8118477995476,-0.3545170690993616,3356.817138943054,2471.0266907771775,1433.7569251499017,7.05435658811425,7.138521347902688,3.1918447997732593,35.8559882204736,5.818936617833022,0.6374460766457242,2467.466999202942,326.15954336389035,-0.29810500419877606,2956.371498678923,2451.4018029129334,2956.371498678923,-0.0001093211898015404,0.0011298290452490518,-1.5362765225679003,0.007748316435310446,-2.5917453831839485e-06,-0.007758740716606026,1.2884647940280086e-06,0.1464753095425378,0.1006591796875,0.02152610194612141,-1.0667618639817122,0.12841796875,0.1025390625,0.04150390625,3951.881103515625,983.7603277380163,0.3891966089893051,5770.8984375,3746.77734375,2325.5859375,1971.8338306141898,412.1983055749468,0.09280731302357559,2683.971587206533,1914.1948798829417,1228.5630011561298,8.680489088532571,3.6526288204361235,0.4945386221520067,16.643166778158484,7.958094729448723,2.7607831891201258,2307.1980776937744,233.7165221344124,0.3726332913056564,2723.6177820017597,2239.9417219681827,2723.6177820017597,-5.720669291472421e-05,0.0008681237848897479,-1.07932376998676,0.006201529495060265,-1.0295756385744783e-15,-0.0062366849491908094,7.569115116055408e-07,0.09204859068353964,0.07177734375,0.01869422245633849,-0.39663375474542656,0.0966796875,0.072021484375,0.0302734375,3723.629150390625,782.3866079012597,0.0417701034245886,5469.43359375,3752.16064453125,2185.6201171875,1796.1411355203152,250.61238666658627,-0.2974021957881047,2278.031774892713,1846.646547665201,1312.7118226414402,7.84130263132067,2.052177983178498,0.1739364823126831,11.71171062909819,7.581883965722289,4.174710774548821,2245.0607417843294,217.47879003071796,0.6536442826404026,2777.7125348970326,2235.5503248246373,2777.7125348970326,-5.193242073177225e-05,0.0011682092508546542,-0.5694843538499538,0.006312008361287702,-1.702236309987234e-07,-0.006317006805884004,1.3674098301054544e-06,0.15718947052782387,0.0532958984375,0.018077141948536192,-0.16031529756304935,0.07666015625,0.052490234375,0.01904296875,2544.686279296875,1084.4820761314859,1.4849600527316442,5361.767578125,2287.90283203125,1098.193359375,1337.4273753902785,342.9584284506736,0.7490527086455155,2186.030380116503,1299.1311420280006,769.8115515695941,9.555773610186524,3.2291749586930556,-0.040616802936495,15.814105969090466,9.747419796153316,4.102787221467198,1981.507532753548,318.0715151070912,1.4329926682909477,2799.7232836652556,1913.2434899355067,2799.7232836652556
6,4.251991922138964e-05,0.00110865115312501,1.7703412780118184,0.012685931263404499,1.1990571994775127e-16,-0.013110099304300711,1.230915322856008e-06,0.13296208372089635,0.257470703125,0.04521655744761348,-1.7600780816128196,0.30517578125,0.272705078125,0.1220703125,7087.115478515625,1135.6130097384234,-1.6044686936806876,8279.5166015625,7498.93798828125,3875.9765625,3701.9188224896047,689.9627417445295,-1.399153856101413,4385.489452177808,3882.533196665432,1930.803935735276,6.406410126217809,3.534319589939105,0.09948313752019998,13.824097159726538,6.922168601767853,0.9469805324152043,2826.3830440711563,169.51894339191358,-1.5526980809702178,3046.607699546205,2862.7101407606942,3046.607699546205,6.37612971173126e-05,0.0014528147960827745,1.2802873166375732,0.013251074795432947,1.1202164357758222e-16,-0.013361672119463177,2.1147363347271157e-06,0.2193752611255693,0.1569091796875,0.02879132286525296,-1.5890235059685063,0.19482421875,0.162109375,0.0703125,5089.910888671875,983.462164347276,-0.3385098654554863,6459.9609375,5119.51904296875,3197.6806640625,2567.0034309732923,485.49234650317754,-0.16130422677028977,3365.037632175125,2638.1567576971315,1720.0611122163225,8.047766492339363,3.583386738893234,-0.3357182803181195,14.639826829925823,8.946357517445504,1.4366527592397373,2530.329129303461,174.6721564636276,-0.14154773231749182,2854.9492982028746,2510.7246592828415,2854.9492982028746,-3.093317235100157e-05,0.00130996106507159,-0.9841367572317266,0.010848538143376787,1.1417308099240482e-16,-0.011069736444634375,1.716954853155191e-06,0.18600366597161955,0.1044677734375,0.020456872070812045,-1.3042183039132709,0.12646484375,0.107666015625,0.05126953125,4150.52490234375,983.0473252845429,0.8811537664946256,6384.5947265625,3962.109375,2863.916015625,2096.892130213173,366.18951910610485,0.7762098626878731,2974.2959144327956,2059.4591619414864,1518.0505656486562,9.137105936202342,4.426647450475621,0.8538466407619912,20.270055801288628,8.58590077439235,1.9149271925349538,2361.3877374374547,199.38574178636586,1.0256914632052612,2804.1604309076315,2290.935140815239,2804.1604309076315,-0.00012756810736890605,0.0015866204662993576,-2.868807210547199,0.010138289759078892,-1.1103414077051052e-16,-0.011644628103922028,2.5336381260976754e-06,0.261027251228832,0.0742919921875,0.017417530150964387,-0.7541767408469295,0.10107421875,0.076904296875,0.03515625,3085.7080078125,672.36887994567,-0.42561242170763325,4338.9404296875,3014.6484375,1485.791015625,1636.5570124326466,269.40580903785275,-0.4846762579480759,2151.1384287836436,1629.1159702885557,982.9772056847416,7.607932310192585,2.493735248109659,0.020224404438006296,11.888673939792078,7.625417672989868,3.5028765617928332,2172.0154105904435,168.12738712260352,-0.259161856989472,2492.620041035235,2186.7758907714588,2492.620041035235,-0.0001480006230896394,0.0017758509593918139,-1.8229012830589868,0.01004876156270108,2.7498654683288444e-14,-0.009659238188609988,3.1755508144077475e-06,0.3320267544379869,0.0526123046875,0.014284938978546201,-0.19812000683838457,0.08154296875,0.052490234375,0.02294921875,2377.265625,803.4410045952405,0.42880608520040986,3962.109375,2277.13623046875,1291.9921875,1317.204908884952,333.3529862652278,0.4843076015660741,2026.6072247659072,1263.4914025679527,874.5084189043309,8.553433007215423,3.6444843787287193,0.7989479597225451,17.817915910991594,7.446799434599204,4.478544566444043,2014.887405916755,277.223791659547,0.3325130776843471,2685.6241808380814,1992.7286654055638,2685.6241808380814
7,-2.0077178291527277e-06,0.0002270235864318079,0.7480658460493836,0.0039762948894904015,-7.932712508960391e-12,-0.003355062777203361,5.1543739727242055e-08,0.007181843751118173,0.2641845703125,0.03555092421723928,-2.124173342046405,0.296875,0.277587890625,0.1513671875,7326.134033203125,281.57236247884106,1.5069960379768625,8085.7177734375,7256.689453125,6987.5244140625,3997.6446732564023,203.13410461180231,1.2122557097574924,4548.328964570532,3967.117007879704,3741.563541612047,10.076338523995016,2.9735289702667087,0.47131458217041106,15.962832014574325,9.290676175333935,5.469666014245782,2746.1955044564693,105.54795286638762,1.9326179679094515,3062.1859183153156,2709.141212217399,3062.1859183153156,-7.538568598455935e-07,0.0001862713020984644,0.6313777263024006,0.002742538134198605,-6.565756725161809e-10,-0.0027720586943788825,3.469756628562252e-08,0.0049778292054055,0.15771484375,0.02115165392313523,-1.6885878990033643,0.18115234375,0.160888671875,0.0947265625,5794.5849609375,526.1619567276142,0.30385369870212764,6826.025390625,5717.0654296875,5028.0029296875,3006.2366240096885,284.56347384495206,0.8402138851276639,3697.5741046808616,2931.7879390676712,2659.367828252686,9.709784991187593,2.5071129908433396,1.524396184165881,15.885356981608982,9.016266281459123,7.231116159321676,2563.6491050426944,100.36636484914794,0.32137380694659273,2754.7144391517836,2547.7666371134633,2754.7144391517836,1.0664902594845933e-07,0.0001408065832912883,1.0909715834333307,0.001898243702715067,-8.663382500860129e-07,-0.0021346862417202603,1.9826505272181243e-08,0.003015063510537193,0.099462890625,0.017022817781608017,-0.4541695369282057,0.130859375,0.097900390625,0.0556640625,4525.20263671875,894.3741457413247,0.8963415130693536,6481.494140625,4247.42431640625,3133.0810546875,2311.6976763679904,315.88271462800265,0.7903000644549879,2956.592481838343,2224.062989844164,1802.6990811052415,9.564372066372522,4.023650678658595,0.10344651585080289,18.18139059777688,10.446911244141486,2.5548275941657685,2365.5298579692267,187.97764021968234,0.8404609578556016,2780.0148498960657,2327.216672715434,2780.0148498960657,-2.5149074164560088e-08,0.00016520864118987932,-0.7274738010776302,0.002102631906145941,-1.40091109696011e-12,-0.0020464917395329966,2.729389575628222e-08,0.003968246216266598,0.0641357421875,0.015457225321143544,0.6685236022772348,0.09814453125,0.0576171875,0.03515625,3280.045166015625,1364.7374617634925,1.9318834666334221,7105.95703125,2756.25,2153.3203125,1744.8535115130915,501.9639913085508,1.9801146082866994,3185.934119461985,1575.1493244207525,1301.542252497652,10.626156288632805,3.1714156724289317,0.7314629466856933,17.576452503832783,10.185973345928463,6.9534744142712235,2112.275173969825,326.8893847785445,1.7051906345938268,2977.0034746071196,2026.117658741554,2977.0034746071196,6.141031943265846e-07,0.0001395496244155554,-0.1282618269942462,0.0013546092295582388,8.621424753894706e-07,-0.0014229956054306158,1.9474474797255857e-08,0.0030439434149951558,0.0414306640625,0.015484194511031451,1.056835785986583,0.07373046875,0.033447265625,0.021484375,2409.027099609375,1140.746078045017,1.32039489808688,5394.0673828125,2207.1533203125,1152.0263671875,1321.509998509306,453.2259491171879,1.1316032917837504,2445.8264903896898,1249.158192279086,800.9949132064586,9.850296231914287,2.5293335222343654,1.4805857707741756,16.407565449211887,9.478902792831565,6.931280297461143,1911.7151227313636,401.4105317665438,0.7250395485917518,2789.4451591502684,1876.8220184439538,2789.4451591502684
8,-4.514849269265617e-06,0.00026255502203146875,-0.6749905736728592,0.0025661965692729866,-9.395184743808897e-07,-0.0025786442368178567,6.895552345786925e-08,0.009858781129228956,0.2624755859375,0.04332886730924247,-1.965551986724234,0.294921875,0.2783203125,0.126953125,7833.779296875,405.3221541867449,0.36176735886841577,8548.681640625,7854.23583984375,7192.08984375,4193.031035438022,231.59092958899737,-0.42455918854663816,4601.109844958501,4239.145614524334,3686.7317117713533,8.56494240231039,3.0295128892147374,-0.5181371155121358,14.327768750709215,8.817189640832636,1.65326083090768,2864.076158557833,140.31977114000372,1.9173440228702057,3255.5314732520283,2824.0766870809116,3255.5314732520283,-4.187384538975847e-06,0.00026325104116067344,-0.7445162379660794,0.0028494823675659824,-1.370024097460171e-06,-0.00344418942335008,6.931864486145585e-08,0.009866414532897948,0.1570068359375,0.02652966208586758,-1.703209900255201,0.18505859375,0.1630859375,0.07666015625,6267.777099609375,491.5902822198326,0.6545562897923944,7439.7216796875,6158.49609375,5490.966796875,3191.8284448976756,206.04288064726015,-0.02603568698055993,3554.3059075698848,3209.394689920062,2768.594751780288,10.478120338535343,4.2516810200590935,0.9306004636590307,22.63766551029671,9.81518541910213,4.300830665720348,2669.561566175274,106.60183295889688,0.5298932282788791,2895.032387545485,2622.79078490947,2895.032387545485,-4.7692586277004076e-08,0.000230555801647925,0.008664255471816032,0.0018700721401091961,3.356043873869002e-09,-0.0018228441695699225,5.315597994810013e-08,0.00803044186015513,0.1034423828125,0.019994073824273907,-1.1738171808585884,0.12890625,0.107421875,0.04931640625,5168.507080078125,735.5289178875638,0.5709389087683335,6729.1259765625,5124.90234375,4037.4755859375,2547.519032960527,298.47668358103635,0.6247771058319498,3279.872583090991,2521.1260565396724,2010.5008772686465,9.565402973993454,2.917373215633392,0.664269573648864,16.057868229477926,8.492064438921759,5.316776518468274,2505.0961221914704,150.6278327296037,0.13603713755069008,2765.411515367882,2482.005209196178,2765.411515367882,-4.819553806275725e-06,0.00022470053390969815,-0.008145402147689837,0.0013233257006923908,-6.082542861769455e-07,-0.0012748832015161793,5.0513558038194995e-08,0.00779519168862255,0.0722412109375,0.01871237158008204,-0.607190842802274,0.10546875,0.076904296875,0.02783203125,3933.577880859375,945.049299950897,0.8921879430391334,6158.49609375,3714.4775390625,2573.2177734375,2004.603943014898,327.65413153253905,0.5631305664457339,2787.7850415188577,1972.1553953683683,1407.6840907081032,9.280926661116293,2.852179500803067,0.434143827021018,14.763432596839507,8.341269494973682,4.887912383648896,2299.581999081414,238.71143823408738,1.2362931944255664,2910.7982839684423,2259.8466549338,2910.7982839684423,-1.3137849953827912e-05,0.00023703929479445914,0.07783550458755395,0.001172050633292559,-4.881460039410804e-06,-0.0012153742275760305,5.6360230378063796e-08,0.008782794405589803,0.0499755859375,0.01609942215895446,0.042802371997060475,0.0830078125,0.051025390625,0.01806640625,2982.886962890625,777.7591688523594,1.629523877962032,5307.9345703125,2917.7490234375,2034.8876953125,1586.282714322355,302.3412081103017,1.1965853507222564,2388.4441286884303,1526.1581804785922,1186.5338676525798,9.498760728219263,2.0277148235746174,0.3553273476592017,13.85792478523742,9.394242784546009,5.903666317364639,2090.503442120925,246.8345322756035,1.0659890320049714,2757.7497541851926,2112.638732192646,2757.7497541851926
9,4.919244161197686e-05,0.00040143580091509044,2.973842029400045,0.003243354650768823,4.8640968463027655e-06,-0.003198304222067104,1.6357059856808787e-07,0.02130602165311151,0.2502685546875,0.036103594539722214,-1.3117217206337404,0.30859375,0.251708984375,0.14892578125,7873.077392578125,720.8629713271598,0.07087600640228209,9097.7783203125,7827.3193359375,6729.1259765625,4073.0992269409894,560.5907884743528,0.516385253818865,5125.523395798504,3948.5832547609607,3240.098189662456,9.539117432250752,3.9282832225955717,1.5940799003240684,21.962106911932473,8.342877285230756,4.974877648712159,2970.014183403575,205.21915103215446,0.14172244355688177,3362.4616641578727,2938.7750438843873,3362.4616641578727,5.248326748904143e-05,0.0004949476700791064,3.0724247294309532,0.0039932513066400005,4.103991518640532e-06,-0.0035934234404523756,2.4772768948306224e-07,0.031082854984208555,0.1463623046875,0.022639024697684973,-1.2556475361496533,0.18359375,0.1494140625,0.08251953125,5613.7060546875,951.0657851693957,0.06074945016151636,7515.087890625,5534.033203125,3811.376953125,2811.755044171644,515.9316683880264,-0.11375397299597319,3675.14262631678,2897.1695374461087,1937.6715977638592,9.619367739961802,4.499815149446141,1.4681351827770899,21.6485294877425,7.986125215195121,5.6291884109681,2589.648353368185,180.97996161436905,0.06241912458290885,3013.5274108794747,2612.912812771343,3013.5274108794747,3.63804226578978e-05,0.00044507375705209575,1.9531990556845187,0.0038449661663868522,1.2870186376418446e-06,-0.003809813223726691,1.9941418436923531e-07,0.025659936934625815,0.0929443359375,0.015304540784365283,-0.4837977510120171,0.12548828125,0.093017578125,0.052734375,4333.55712890625,694.1953695431097,1.2594237239875417,6180.029296875,4091.30859375,3542.2119140625,2190.78481737818,331.52377891756134,0.9116733983648879,2958.008556501724,2112.8945516589138,1815.574181166542,8.891915392033699,2.8637226179774857,0.5582188499721129,15.057659017353714,8.67633331544753,4.725252025948517,2319.3013859921093,182.02151681666152,0.7122975663651325,2771.422917626299,2258.590832844251,2771.422917626299,3.3052488309577027e-05,0.00033899308081979546,1.7236253858120696,0.0022990598912016984,1.1608161303527226e-06,-0.002407523640522763,1.1600877582715113e-07,0.0161546669075968,0.0599365234375,0.011167532336903645,-0.2379736185237474,0.0830078125,0.059814453125,0.03271484375,3618.65478515625,854.0222825862304,1.4553684724726195,6255.3955078125,3563.7451171875,2433.251953125,1863.081147604125,337.9330562876454,1.2275189294336022,2892.4464408699073,1848.0660295624039,1403.9835260499428,8.988621518048813,2.157638414937713,-0.31771761722926334,13.127683485613966,9.2769891618975,4.884319246853494,2189.357977978374,177.8846637214005,0.27571535378432216,2611.628443779697,2172.8426077748845,2611.628443779697,2.8225455973102796e-05,0.0003740298828776799,0.8391792553030659,0.0016467255873611891,5.5219450483366214e-06,-0.0018123049386757546,1.4069502965038051e-07,0.02013229540359094,0.039794921875,0.007638910081622078,0.08598876923968142,0.0556640625,0.03857421875,0.0234375,2703.49365234375,966.3701165212445,1.0208263307731624,5351.0009765625,2648.583984375,1248.92578125,1414.4286558650197,370.23320477217396,1.1241641486525844,2475.009364381186,1327.4402673106638,794.088865498939,10.706508041094553,3.3615954982396388,0.5929709719567501,18.970913345870184,10.423483872414037,5.22168415666396,1939.6695548431956,249.05764653573058,0.20034697836273363,2504.1925515486782,1938.2135704172365,2504.1925515486782
10,-1.6098976679562283e-05,0.0005499870270775074,-1.1838307863019466,0.003953451660563639,-1.3870839432722742e-06,-0.004012835137226933,3.027449070036839e-07,0.03791746747420208,0.25498046875,0.03718594331448361,-1.6468454213867365,0.30078125,0.263916015625,0.14306640625,6841.636962890625,854.1890492386144,-0.9983586283588692,8042.6513671875,6890.625,4694.23828125,3563.739246390698,467.7784550818201,-0.5359897009409688,4345.056575723691,3527.9208798051095,2465.3720221376616,8.505180189838514,3.3154324195267826,0.7335174380042506,17.248376297839933,8.178779556169165,2.320569448777011,2793.8595713547884,129.8763710175439,0.024835004136447295,3048.3957358006865,2812.061567143585,3048.3957358006865,3.827083078743014e-05,0.0004984339277161867,1.2037558299929747,0.003987774362248018,3.0886375904873698e-06,-0.004193366362691842,2.49901036787745e-07,0.03137049880357058,0.158349609375,0.02231242297931275,-1.6215359249260433,0.17919921875,0.166259765625,0.09228515625,5677.767333984375,800.6926573440313,-0.5573100393922465,7159.7900390625,5657.84912109375,3466.845703125,2803.511617855966,427.1826275068673,-0.311632786869916,3446.328149403635,2835.6865624265456,1880.339880146568,8.70980457703008,6.611520979445199,2.6642961239839003,34.05837511602637,7.929788454252015,1.8330765460891616,2627.2730698482546,144.28425429928862,-0.6283259428481907,2923.326018930849,2625.461373473533,2923.326018930849,1.0319517307000947e-05,0.0003778880497247442,0.7683763108732848,0.002606907341968988,-5.516470619174801e-07,-0.0025418273016948618,1.429058705622202e-07,0.01958254496373211,0.1028564453125,0.014820984901051442,-1.1703573722217635,0.12255859375,0.10400390625,0.0634765625,5095.83251953125,783.0443544527081,-0.41533539480941495,6449.1943359375,5216.41845703125,3348.4130859375,2387.583864662517,276.4396534966341,-0.4564654996914737,2867.195810747863,2383.386986358498,1735.499543946328,8.503364967489363,2.6083223851811486,0.48234050625688163,14.62750016884008,7.6888802824716755,4.304930785834021,2578.0269608380704,212.5858561559306,-0.053369953896066136,2932.2411657949706,2581.6821542614493,2932.2411657949706,-6.6250228518074275e-06,0.00037552006970934383,0.4402972842585416,0.002313446653221122,-4.475838757976096e-06,-0.00217061184728081,1.4105921368229745e-07,0.019770106887858636,0.0672607421875,0.010686417508099226,-0.6373255009632658,0.08251953125,0.067138671875,0.0419921875,4342.708740234375,1018.4389868083389,-0.06055597528728525,6190.7958984375,4376.62353515625,2411.71875,2063.5198526108743,332.92060092551253,-0.45470546276682017,2627.087816324668,2135.6919146049713,1426.031982395334,7.538172963109704,2.7953558430435774,0.5438405134843901,14.4116287630061,7.365751012139783,3.0951308447810053,2459.4865551213816,280.81920722411303,0.06391773827606835,2999.9685791020106,2399.4834493565063,2999.9685791020106,2.7890527922464552e-05,0.000430166713613268,1.8377776379132853,0.002509346861154777,-1.3528213206162777e-07,-0.0024027943988559055,1.858212830486331e-07,0.025140050950181705,0.04775390625,0.007836267557542841,-0.33941140077976145,0.06103515625,0.0478515625,0.03125,3511.527099609375,1032.3721122591326,1.1694317027698224,6395.361328125,3321.49658203125,1754.9560546875,1744.7438298723869,373.50629410370675,1.2412040841972143,2845.2189064276213,1685.15264788567,1176.1526658581772,7.43298967837711,2.723793092666251,-0.024193433599593046,12.653058616177285,7.80156410497108,3.477747955514568,2268.929231856868,263.49567880297053,0.6434779652649325,2854.585945563838,2260.868877916227,2854.585945563838
11,8.371350633175822e-05,0.0005051262540000186,1.3277496118715117,0.0037262324492108147,1.0780327607251323e-05,-0.003564842578734395,2.6216048362244853e-07,0.035101752413892344,0.2291015625,0.06098662132760784,-0.7998653418624048,0.283203125,0.25732421875,0.10791015625,7533.929443359375,578.4468788278475,0.6606392249405814,8796.3134765625,7358.97216796875,6481.494140625,3954.333282282712,397.9589177007085,-0.727610911937838,4695.668652482258,4037.6622325642984,2950.6151513391037,10.572664632956254,2.727798518177281,-0.2948860523085816,16.175477667869206,10.595685586970863,4.036661926774229,2866.0960009227806,283.5014865131015,1.9824700011978318,3742.44048737585,2804.381573012247,3742.44048737585,0.00023151439616522177,0.000810261442383636,2.4485190900011204,0.003910058413664993,2.3589099673947153e-05,-0.003562966956004293,7.101225206453575e-07,0.0858185261673295,0.139794921875,0.038906579686495336,-0.6343093894723133,0.1875,0.153076171875,0.06201171875,5593.787841796875,745.6948164461528,-0.3393725628245474,7030.5908203125,5641.69921875,3994.4091796875,2901.140957762643,499.5996795595042,-0.7608292990169293,3704.1475569701506,2933.1641053041867,1659.0195356611566,10.370943314185912,4.753119329319579,1.8604457973406119,26.495397428232604,9.285676191081349,4.472508678046534,2614.596042759063,131.68643091144307,0.5681868440468966,2894.9065563823833,2576.8645792465395,2894.9065563823833,0.00022748290575107298,0.0007396330021611114,1.2340580413492115,0.00545429089729477,2.7220301503138225e-05,-0.0053416999827959055,5.988054502948101e-07,0.07533815801540675,0.090185546875,0.025900133172359313,-0.6589267086326064,0.1220703125,0.09619140625,0.0400390625,4367.471923828125,900.8002843202233,0.36118250547072545,6352.294921875,4150.52490234375,2745.4833984375,2199.537127507374,391.3136961311793,0.17449536038046473,3124.7666762890003,2137.4909185419283,1323.6325554293444,10.830768970373535,5.021151421676504,0.7729674847577486,23.321224764221792,9.347086602624401,4.234195308719125,2431.2765294684637,256.58632362529096,0.7726240623330045,3038.415863027846,2373.743907414184,3038.415863027846,2.793711191485188e-05,0.00031957102245240717,-0.9312417931926248,0.0027152169170992584,1.2682083748985989e-05,-0.002542161901432317,1.029061206134199e-07,0.014919654132002774,0.0606201171875,0.018106134396263983,-0.5760488094743842,0.08447265625,0.06494140625,0.0244140625,4525.740966796875,1547.678939238525,1.2188812674290805,8279.5166015625,4220.5078125,2530.1513671875,2155.044674290732,445.08796021131184,0.6057441951855627,2927.7687315905905,2083.887740957558,1515.0044969088765,9.530932522507767,3.727227866591515,0.41060953675524386,17.57350787138453,9.478650014220644,2.491058649144339,2465.8098695700937,422.5525676759711,1.3614217077765103,3567.7360102077714,2353.969985917287,3567.7360102077714,7.807521899294724e-05,0.0004306861430293506,0.7414196227527979,0.002119883287154903,2.0990742149660602e-05,-0.002148292573739996,1.9158629361829483e-07,0.026781968470474888,0.0405029296875,0.013580430619739785,-0.5388616279993438,0.0576171875,0.042724609375,0.0146484375,3275.2001953125,1007.949434532027,-0.26626112781641104,4920.3369140625,3235.36376953125,1012.060546875,1641.6883825697873,411.985630393602,-0.14855083442163153,2369.111055212571,1613.243503934444,678.7981311331553,11.069199684591545,3.522820862782499,0.017877138109863216,16.888505051109757,11.276898475813784,4.314704782885684,2163.646632857156,341.5380054226295,-0.5489989884398949,2746.344761584274,2228.7477492369803,2746.344761584274
12,-0.00013905275754258557,0.0007137561878557173,0.1231213897261187,0.00423534091216261,-0.00012192121570203661,-0.004046316989628221,5.28783565082523e-07,0.07147395165676222,0.177587890625,0.09041725551102914,-0.49423849411911325,0.275390625,0.19580078125,0.00439453125,6286.61865234375,1860.8503395395157,-2.4498588931958616,7633.5205078125,6998.291015625,10.7666015625,3212.9129600512097,1026.7938114002357,-2.054324618636635,3974.769467845843,3666.489294004824,16.763482835166844,16.905559726327645,7.682656172321554,1.6467725636163084,40.64161032910429,15.162686576026593,8.285015123383598,2621.685219678833,576.2294383633399,-3.5208469202393333,2984.4716260460405,2757.8099599791035,2984.4716260460405,0.00010308628779939213,0.0005487135798920641,0.004725322446008152,0.00550404766600094,0.00014136639268451292,-0.005556848259259872,3.1171337549022375e-07,0.04259177708501144,0.1054931640625,0.05526029612545729,-0.4054717025247875,0.16943359375,0.11376953125,0.001953125,4794.906005859375,1368.211300832076,-2.393429507308195,6126.1962890625,5135.6689453125,10.7666015625,2450.755428694085,717.8232584672442,-2.271502894527006,3135.195779895549,2681.712112350081,12.074784326602648,15.373912632396559,8.70329323396254,1.3421096127230023,40.943049336594115,13.657975844358404,4.231953002775075,2384.6752572609917,520.391741092398,-3.783203724057405,2772.224502976314,2469.526291313968,2772.224502976314,0.0001265485390912511,0.0005324797998364159,0.19074912257441703,0.0031504128509380496,8.028320169690782e-05,-0.0032570032785693426,2.995492699799595e-07,0.04208424797246427,0.0625244140625,0.0325359772573907,-0.4117809496200905,0.1025390625,0.069091796875,0.0009765625,3296.7333984375,1223.1617562877705,-1.7009881266084208,4661.9384765625,3606.8115234375,10.7666015625,1721.5434721210208,596.9967399835782,-1.7624257685674671,2257.2813382392555,1916.357924243228,5.774130788242897,12.898094252629926,8.02857731532788,2.33670292097059,41.57515458222388,11.887604335880031,4.246791052053098,2056.1735589698665,529.2189904214699,-2.887764651451951,2361.13488367754,2258.8310255257443,2361.13488367754,-0.00011990715764206561,0.0005201430382647944,0.6930816317846883,0.003392138270661817,-0.00013923428668455415,-0.003407112762576211,2.849265067091305e-07,0.039392307552900366,0.036083984375,0.020070022551215504,-0.3934988360806686,0.06103515625,0.0390625,0.0,2142.015380859375,1011.232525655514,-0.29450303799199623,3843.6767578125,2142.5537109375,10.7666015625,1207.085079113378,493.1014500907991,-0.8313768353129134,1995.2266435124043,1275.3139224862066,4.8020292625496985,14.823402104756244,8.204671043265629,2.1092461767472113,43.143421649665044,11.925392844816908,7.463801743176486,1731.4866064600706,523.9106335025477,-1.9889096819919982,2309.3658176641006,1827.4449006736224,2309.3658176641006,-1.7551098163774474e-05,0.0004279590147130478,0.4276337040867279,0.0029368554541698254,-2.8109570810652696e-05,-0.0030091972144390662,1.834569593209171e-07,0.025416546433061484,0.023046875,0.011971955271078125,-0.49313507679864665,0.0380859375,0.025634765625,0.00048828125,1569.232177734375,813.5011806128877,1.0436641870514523,3736.0107421875,1351.20849609375,10.7666015625,944.279475841619,346.7241467054639,-0.45971359124344957,1654.5081209278221,933.357297174327,6.824449478057213,12.234814407028038,7.268194564831691,2.3112963286358954,38.83832674349531,10.616176663182245,4.019772296331297,1553.3496253364242,451.7176419074231,-1.5372657233217701,2385.4600279275205,1554.4876677340471,2385.4600279275205
13,1.1719250283667263e-05,0.0007360016134052955,0.04343113004434645,0.008905123172709552,2.577023483261955e-06,-0.008677657261957024,5.418357157624094e-07,0.0675891267145334,0.26328125,0.04064823366576319,-2.0983995398061834,0.29345703125,0.281005859375,0.1328125,7090.8837890625,345.0254862638803,0.37471843859977694,7741.1865234375,6998.291015625,6524.560546875,3867.1220676509693,239.3500209956825,-0.11692529925255517,4194.736353736755,3820.6516402758816,3477.7338154535455,9.39343644697376,3.636546341938119,0.39457703830673396,17.428250982524684,9.499055583764987,3.033428145550168,2688.9263440251716,59.18112317171506,0.7621959101806737,2828.924355472407,2659.0540088823623,2828.924355472407,4.060893198974448e-06,0.0005633346933051523,-0.2771930542137061,0.006147057914605833,5.818764707490853e-07,-0.006145955391842872,3.173624675347835e-07,0.04190259230266148,0.1548828125,0.024541950200444817,-1.6907945185020241,0.18359375,0.16552734375,0.0791015625,5731.600341796875,553.8710194926032,-0.24125694106375828,6922.9248046875,5711.68212890625,4511.2060546875,2963.2523706340553,243.7596326455523,0.5517246027166625,3599.5077333931904,2938.402386098691,2512.7167086210166,10.20745079830041,3.4675845800834795,0.9174576643163447,20.072721186976857,9.387269665026832,3.3961381660064838,2563.565416517068,101.82176964116664,0.3649314353914659,2784.8705134450197,2547.823393692027,2784.8705134450197,-1.066322486322705e-05,0.0006267373373809873,-0.16718727989527196,0.0049767524007731725,-8.0831950502461e-07,-0.005265175431758029,3.9291339443189333e-07,0.0501607503054559,0.089501953125,0.014261741619358205,-1.6657381934967228,0.10546875,0.09326171875,0.044921875,3839.3701171875,614.0116505717382,1.5453416456874123,5760.1318359375,3730.62744140625,3154.6142578125,2076.16722075694,238.3299591343963,1.691044250953315,2861.8768425957433,2070.0022381845192,1777.6270575908948,11.2976243300868,6.116678369833391,2.166498980599476,32.11264621681174,9.472684150865126,4.371048427978726,2257.3511672519935,139.42011902046255,1.3587288561681958,2679.2660698340865,2232.584839909029,2679.2660698340865,-5.309256148449285e-06,0.000634383632108328,-0.07244622265205962,0.005542119269957042,-1.153109437659036e-06,-0.005417574373566523,4.0247078088780435e-07,0.05087375830118791,0.05361328125,0.009133078565548017,-1.615666428822882,0.0634765625,0.055419921875,0.02490234375,2594.7509765625,621.2431728632646,1.6794011229011234,4715.771484375,2583.984375,1561.1572265625,1492.0939971816958,249.78260157184465,1.2168386223510035,2289.431452864221,1526.2730539609129,1041.4308341762207,10.1863153204876,3.636018526916788,0.8650145031417794,20.377299253709175,9.444516365856165,4.488236114533533,1944.5544596935665,189.1917711846085,1.0261221458355945,2494.2850021393097,1925.7815147721403,2494.2850021393097,-2.682462942118959e-05,0.0008598952025306369,-0.6305510915444941,0.005300333949572263,-2.3220578560719933e-06,-0.005394559817567956,7.401393200787892e-07,0.0881904902294955,0.029833984375,0.005439242730446298,-0.8619837438603708,0.03662109375,0.031005859375,0.0146484375,1589.150390625,511.060988140914,1.9305697009029001,3316.11328125,1431.9580078125,1022.8271484375,975.874297965752,207.28154866636586,1.5490320715716583,1630.5842948390853,934.8334606905419,720.3324651194418,9.859887955064234,3.5696559882644388,0.6435287299222816,16.744539928380657,9.13032082795157,5.113884463103233,1603.559023139375,209.35325856862244,1.3179357475479387,2143.4944168194106,1568.4720568308067,2143.4944168194106
14,-1.74520671095213e-05,0.0006645692834160413,-1.2481303548144103,0.006974376583080074,-2.4324622190068943e-06,-0.007293297777437681,4.419569071065059e-07,0.053693214445387855,0.1821044921875,0.10951458062680704,-0.7500104363002241,0.28759765625,0.26025390625,0.0,5733.21533203125,2538.9383783666426,-1.611874775462838,7450.48828125,6944.4580078125,10.7666015625,3019.6166574622557,1358.935360596733,-1.3966960036195042,4060.124177813176,3713.446753209467,8.882972829340575,13.592069040064604,8.955112478492874,1.4835333127450403,36.241152098218826,10.464232222519765,4.810456631901214,2411.1235007802825,847.5364104451083,-2.1909057074769738,3148.6385557737926,2686.6322740356486,3148.6385557737926,-1.0058436670077587e-05,0.0006950017978061681,-1.8658931786032886,0.007193172887865853,1.502135881074039e-05,-0.007012287926149211,4.831286711020517e-07,0.05737687319220014,0.1069091796875,0.06470776282028484,-0.7425173496544133,0.1728515625,0.1474609375,0.0,4322.252197265625,1917.4149857136053,-1.5116425382338075,5986.23046875,5022.61962890625,10.7666015625,2191.2177808306587,952.8168611913925,-1.4130331267201282,3114.6023162209276,2646.696330562556,6.253885079485829,14.651132442684792,8.810735462976782,1.7417662993124343,39.72566689641633,11.566426328410275,5.790417901631729,2190.348749148975,758.4304331802846,-2.3059524492030175,2750.5428174086746,2438.958389811348,2750.5428174086746,-6.551673280495073e-06,0.0006815959919474829,-1.2760779553179855,0.006044345860118785,4.0136846173195806e-05,-0.005778710964842511,4.6461602066164756e-07,0.05450454545800023,0.0679443359375,0.041188563922113175,-0.6672764448616197,0.119140625,0.08837890625,0.0,3394.171142578125,1632.6083353315792,-0.9645273842710053,5684.765625,3579.89501953125,10.7666015625,1755.321349710214,766.0110201160707,-1.2829253549682134,2684.2412979609003,1928.4312641986257,4.0641008033418355,16.14515322296613,11.446562453475751,1.8196190559193193,47.06481272939307,12.388770066316274,5.041169806426817,2029.0234280611942,725.2188149644135,-2.0682358376104752,2719.4206379846987,2184.617244253004,2719.4206379846987,7.775646423496773e-06,0.0005916909959918184,0.022501826320943368,0.004706233435071525,1.460555020776276e-06,-0.00447907488506648,3.5015869541509335e-07,0.044762887256384505,0.042529296875,0.027083504505105615,-0.34450529918964856,0.0849609375,0.050048828125,0.0,2370.8056640625,1511.6500305525099,0.5534702501120822,5738.5986328125,2260.986328125,10.7666015625,1245.024883954962,631.9302262375254,-0.1976678677242822,2447.000339062565,1298.7960290206397,8.60853369674043,15.040799079181951,8.245106721729606,1.56181250599475,36.47052917943428,12.247594607259252,6.081155982578299,1772.2433212826818,680.0024814230127,-1.3659089268416458,2749.6792004441704,1828.0944264806903,2749.6792004441704,-1.7351691305053384e-05,0.0007023763646030069,-0.2798464606084437,0.003562853774213097,-6.859964377829197e-06,-0.003669158166074979,4.936336387440818e-07,0.06550951298510085,0.026904296875,0.01810654588641267,-0.06942209941266361,0.0576171875,0.02880859375,0.0,1844.31884765625,1665.3016262286426,1.1984486702021093,5727.83203125,1302.7587890625,10.7666015625,984.720353728361,666.6141089441156,0.6698679191768558,2404.029638639471,842.7928950583437,8.853537183615048,14.5629686649875,8.419010441796086,1.5632314389953785,36.24961613819584,11.86683044900048,4.502039498051621,1563.5360592422294,756.6973077372015,-0.3025933041276196,2818.665163705798,1571.6039717184615,2818.665163705798
15,0.004136567604689804,0.003565751411856401,-0.1587903756093598,0.010195531983077122,0.004163514856192256,-0.009845046048800606,2.9825774679325063e-05,2.9452472720373253,0.051123046875,0.07951043596687685,1.138953422843531,0.23046875,0.0,0.0,1841.0888671875,2625.8480883544134,1.0093746411825506,7773.486328125,10.7666015625,10.7666015625,910.9165718244233,1276.2019837387008,1.1173682997075265,3964.5424257302193,4.352685367455772,3.8140811935331773,33.83461463299723,16.079666736097128,-0.31906017632724726,50.23851568332841,45.099691833125554,9.139404409408094,1055.9523361519393,1210.59398811686,0.3990870273276271,2898.3236177212184,9.697500261413339,2898.3236177212184,0.0046560002031418865,0.003430028288194143,-1.7008950445558833,0.01184951808375577,0.006250456475004831,-0.01197117947696571,3.344343194946932e-05,3.379222649855511,0.029638671875,0.04541175757425236,1.0957832513176753,0.1298828125,0.0,0.0,1349.593505859375,1747.062417611568,0.6862087739169291,4651.171875,10.7666015625,10.7666015625,664.6091904197996,839.593562174273,0.7149533740956203,2301.6325609921905,3.629827302145376,3.625179146544558,39.398622125185156,20.653309204502996,-0.27115770823768465,58.10195817277206,57.580573114162625,11.840825283283307,982.964219400309,1117.685270591558,0.3411280151119159,2557.1809205964278,5.4540548095677845,2557.1809205964278,-0.00034535950707439587,0.002878192423156297,0.042950060043130275,0.008489694859859164,-0.0002831512710912748,-0.00834623138057549,8.403264813840983e-06,0.9361441235944488,0.0162353515625,0.024653549510595316,1.0981763857266036,0.0693359375,0.00048828125,0.0,1224.700927734375,1542.5683770194146,0.579945803532516,3692.9443359375,10.7666015625,10.7666015625,614.1564094371467,750.5805222447426,0.5907497154784304,1902.034165674671,9.785635941694464,4.134601368364795,29.96705563284088,14.395519750322038,-0.28166631359877636,46.48122091423751,36.77802622068991,7.913584733072727,960.5447255683073,1077.987519436594,0.3240669485846965,2484.326007352668,19.62958591681337,2484.326007352668,8.864678817697633e-05,0.0023989024677680193,-0.05795772654420516,0.010012197123699808,2.0714373432160105e-05,-0.010091521125092175,5.762591302917585e-06,0.6536308607403813,0.00927734375,0.013909589387933706,1.0932959975743182,0.0390625,0.00048828125,0.0,867.249755859375,1104.2905700437484,0.7420698370372368,3294.580078125,10.7666015625,10.7666015625,488.3884304935558,581.6944446977164,0.49052564684564987,1448.414497230036,10.440367706085334,4.208813591330328,30.175259744121576,14.06033178736954,-0.26247891023132053,45.94444915301598,37.01397208421879,9.719209179873888,873.0842753533603,986.4772064805043,0.3721421199012627,2486.950731709418,19.877480572275765,2486.950731709418,-7.875316630003269e-05,0.0020277390570924794,0.02747142184487145,0.008012994206963404,-2.4680243489086547e-05,-0.00801344666171585,4.117927744860578e-06,0.4865821584724162,0.006201171875,0.009165001342240572,1.0704652035187672,0.025390625,0.00048828125,0.0,720.823974609375,959.9406495062502,1.0644107806037828,3283.8134765625,10.7666015625,10.7666015625,405.58595856371255,492.2990082946362,0.6029278910486239,1345.2075955963724,9.698094009633234,4.136406741331672,29.99548757018375,14.376458343109274,-0.2946018026989459,46.467303214791706,36.73553696540158,7.840624249488073,771.1381178304144,892.2614618422626,0.5127803451676559,2484.374242184898,19.59294377620271,2484.374242184898
16,-6.60322850578415e-06,0.0012268098413356601,-0.0700828781224063,0.009004545451348824,-5.105054975598793e-06,-0.008527622200379522,1.5051059894247273e-06,0.1742203417411519,0.2745849609375,0.036679405073189675,-1.8642434012260825,0.31982421875,0.282958984375,0.1572265625,7355.203857421875,328.46561638880956,0.18446615195242871,8096.484375,7326.67236328125,6729.1259765625,3881.6433093149526,186.88750106684247,0.5121433698292257,4312.38308476762,3847.778298339802,3583.1494095322696,10.005559969251006,2.7236369619328316,0.7114993693941447,17.62959942754534,9.875685517081404,5.171203416225108,2826.826493420745,71.25873446106866,0.3967903287536204,2986.042222249774,2823.363424007717,2986.042222249774,-2.6322030765441125e-05,0.0019798566202592,0.059335468573395736,0.012149467624370715,-1.534658925353504e-05,-0.012310067832848402,3.920525086087799e-06,0.4127270634595536,0.1574462890625,0.019370354741579623,-2.1559304033796183,0.1767578125,0.16357421875,0.09375,5198.653564453125,646.2587005905284,0.05993507475114112,6567.626953125,5146.435546875,3875.9765625,2633.179069502791,275.2694631460117,0.34239800355178823,3195.614218038961,2564.1458492919064,2171.750976021469,9.149912361979755,3.507496260900488,-0.22608226263116532,14.774946987970077,9.619887346796677,2.625574977776097,2510.9921172935806,140.49087507857752,-0.20803852592268246,2804.9574488953613,2524.923144200907,2804.9574488953613,-4.925633982809931e-05,0.002500665274088685,-0.0993334259097274,0.01484391824563908,-1.3362721351292872e-05,-0.014699226038017425,6.255753000046298e-06,0.6390368612988456,0.095849609375,0.012919722574993433,-2.2249425485848398,0.10888671875,0.09912109375,0.05126953125,3699.404296875,738.6108395169218,0.3221458313387151,5006.4697265625,3601.42822265625,2573.2177734375,1942.7324475109967,302.47814707709546,0.2145055231050235,2479.7111894161617,1913.4701168727022,1480.0271158487917,9.969113498926802,3.9381155932847074,1.3752125461303886,21.881713157874227,8.957056724966385,5.3421205734939345,2229.5799670805973,172.93821633456318,0.11652081689835461,2521.5252464920227,2257.448749123615,2521.5252464920227,-8.269120127758515e-05,0.0023690732242296554,-0.12648440463950297,0.011435018178075806,-1.79146256069316e-05,-0.011330216478422927,5.619345776530624e-06,0.5915171647994463,0.0575927734375,0.006522668119276503,-1.9224876904122987,0.0654296875,0.058837890625,0.0361328125,2561.912841796875,443.1928039400035,0.025488538837666747,3402.24609375,2627.05078125,1765.72265625,1433.9951410311344,164.42108845396265,0.0730364711091789,1781.1509830720806,1416.12546343942,1127.2317713781554,9.31248198431948,2.697115760488391,0.6171530872581587,15.622078671435872,9.008389292850474,5.086031455381491,1961.3512816710372,131.55587187366703,-0.22373881273062302,2237.516663311685,1967.6633461407687,2237.516663311685,-5.9361867491510676e-05,0.002266819184754253,-0.03534410556366486,0.01143523397228281,-6.037096531721107e-05,-0.011195296861968886,5.141993047682017e-06,0.5512748220529432,0.035546875,0.0052353223256563315,-0.13330907700987915,0.046875,0.034912109375,0.0244140625,1603.14697265625,280.6739659801962,-0.04050090726390238,2153.3203125,1631.14013671875,1065.8935546875,1030.9218127908612,135.83119608739096,-0.1700523583347411,1286.7329811733673,1061.79107219618,741.5797427655262,9.224716534571163,3.3209935385879548,0.7139785152596875,16.337613683962886,8.515540357127435,4.579923879437172,1689.727595045567,168.24673734290965,0.4117364126890677,2014.6697650162143,1657.3504515056366,2014.6697650162143
17,0.0021437046027622006,0.0026326356965807097,0.767019541520027,0.007990951164078688,0.0007130577144932983,-0.007776595386794608,1.1526240134814844e-05,1.1913918951377913,0.0958251953125,0.09847664130577315,0.6888673893151296,0.28125,0.075439453125,0.0,4110.150146484375,3421.8520660317718,-0.2006279148676702,8085.7177734375,5792.431640625,10.7666015625,2025.430073463092,1758.922577401662,0.015261666735238098,4520.485584862074,2177.7344182235092,3.981560044950763,25.648913537197938,15.819843274184107,0.2736843109639118,47.871952788377,19.921064972203748,6.550291860738474,1821.7892307939462,1352.1662955202478,-0.5372616852572498,3125.1387530419543,2637.287642510919,3125.1387530419543,0.0012607475594105426,0.0016448243151874124,0.8208769748989722,0.0050006476163007435,0.0003262761491547192,-0.0044675251564058925,4.294931436391381e-06,0.48500927477255645,0.05654296875,0.05682712761940094,0.6352788418172857,0.162109375,0.047607421875,0.0,3315.03662109375,2779.126408359133,-0.22943208689582945,6427.6611328125,4974.169921875,10.7666015625,1572.0493648919385,1301.8783726518604,-0.1717362619105443,3199.7428257551965,2030.2516775349875,4.012611291141556,23.65838150766408,16.028045666342873,0.4888845959480125,47.54966761902353,14.30962042138648,7.355138406106942,1701.606999534953,1268.0890237741282,-0.5068561421937413,3113.3541555980223,2431.1610232567423,3113.3541555980223,0.0010644167021622208,0.00135265702995731,0.7450377745447629,0.004086572452997187,0.0003907637701389792,-0.0036649712729153443,2.96266395653483e-06,0.3468460528686836,0.0337158203125,0.03271647435010475,0.5443902636568234,0.09619140625,0.02978515625,0.0,2438.63525390625,2060.910068189132,-0.1321433590734167,5307.9345703125,3052.33154296875,10.7666015625,1190.4153476034144,966.3242823936195,-0.21277553643604427,2519.294896257984,1625.380856401573,3.9984730707164897,24.680567545904957,16.422045852970975,0.2435106713216144,47.693324757719175,21.09078110943712,4.225343958663615,1518.5697892955673,1133.4528140349194,-0.4891113120277004,2867.5722014563685,2101.892394833454,2867.5722014563685,0.0012288935665075462,0.0015667294298539062,0.6526939316322741,0.004671135595480479,0.0005072081198758061,-0.004496565889370491,3.964820504173983e-06,0.4539068741909647,0.0222412109375,0.020973640678835184,0.4486835095103795,0.06103515625,0.02294921875,0.0,1745.26611328125,1505.7079774798863,-0.05007698445827914,4059.0087890625,2304.052734375,10.7666015625,922.7180765420217,752.1689331201279,-0.2050042026393702,1961.9544681105235,1340.5035926229975,3.992849229925105,24.20691231380472,16.242954336573337,0.377308320226334,47.751875272198745,18.788930518119358,5.019095425715246,1337.9675118367445,999.9141019455433,-0.4914458287974784,2357.84321741906,1983.5925617932971,2357.84321741906,0.0020079066463290023,0.0025738319585896542,0.6856591094216015,0.007692183471576746,0.000742246886754019,-0.006600634068245934,1.0656300051429638e-05,1.1124802344453701,0.0163818359375,0.014862109425051171,0.27436042247796666,0.04248046875,0.0185546875,0.0,1089.580078125,1073.2395565316579,0.5765664513709564,3520.6787109375,1108.9599609375,10.7666015625,633.7281845618734,570.9778725526418,0.18247374049003204,1653.2449633768592,647.3118608464222,3.9920939549095134,24.817140496696005,15.52837572588153,0.4583717130980553,47.759801612521514,16.203516816451398,7.721938173888443,1076.2783138349323,851.484430883065,-0.2174223419962059,2235.336407042985,1385.2501826286975,2235.336407042985
18,-2.0401818810662848e-05,0.000538308357939115,-0.47517002183327556,0.0015569226679825535,1.1305421818199124e-16,-0.0017148870051574548,2.9019212243788946e-07,0.04011102152244597,0.167236328125,0.09620794938248889,-0.4712296606682957,0.296875,0.17626953125,0.00048828125,5928.0908203125,2324.1933391483435,-1.5878377327578164,8074.951171875,6847.55859375,21.533203125,3012.699459335045,1232.9533730164799,-1.141691032082478,4490.74970159066,3463.503714872884,24.551770384519354,13.037868159027658,5.7735595628169145,1.847769988525999,30.385716255526333,11.581343857883752,6.51144342650619,2605.131806317233,633.5801026908722,-2.9604276227735364,2978.1619466531347,2804.498648694371,2978.1619466531347,-2.5602303823047013e-05,0.0007814077371999296,-0.21396587351826957,0.0023599052124300786,-1.0215939742506676e-16,-0.002565840940189048,6.112535297169619e-07,0.07950433906870025,0.098193359375,0.054586240482322065,-0.6193272746316191,0.1669921875,0.106201171875,0.00048828125,4477.82958984375,1807.9970952977656,-1.3080172919501776,6524.560546875,4958.02001953125,21.533203125,2174.286104178268,883.0657053383293,-1.0655199147940504,3239.7581003879413,2443.4552070805184,25.77531451741735,13.780379483348145,6.388072286590406,1.130320172258276,30.194570272478213,12.198312782220528,3.0561693806910952,2357.2624736950033,635.053296319034,-2.4763985591350983,2799.524309927436,2578.6124474926064,2799.524309927436,-8.031676811238645e-05,0.0006536457639849653,-0.3900755835537427,0.0024556257970299433,-1.08260397952132e-05,-0.0025191761299099462,4.3370356801550785e-07,0.05819573296014838,0.0634765625,0.032502811016880115,-1.0779532369660227,0.099609375,0.07470703125,0.00048828125,3457.694091796875,1473.3152081350345,-1.039688100666652,5652.4658203125,3875.9765625,21.533203125,1708.9363456594685,686.0191894054199,-1.0718569249551604,2720.3293494593177,1943.2151535150435,25.93863399265647,13.000837914256598,5.517902153163317,1.5316209659054092,28.357205659523537,11.44039826491191,4.435858035546239,2138.207404617276,595.7128403720995,-2.1049745772152946,2655.3115695619704,2349.8551411936623,2655.3115695619704,-4.563847474773809e-05,0.0005107488558897372,-0.11791656699768208,0.004094743571069568,-1.0766015053225349e-05,-0.003711182790462479,2.629472641699755e-07,0.03678772891759372,0.04072265625,0.020510370004218865,-1.1417522494078418,0.05859375,0.048583984375,0.00048828125,2440.78857421875,1147.1110400675132,-0.42543119427152715,4360.4736328125,2465.5517578125,21.533203125,1304.4590520285253,507.6160809735074,-0.9937560617966658,2074.9646833996203,1370.7794603704112,26.028088365843114,12.575221790423019,6.071222297830872,1.1996134060279493,28.16984303782973,10.80358812466287,4.732149730069121,1879.3397930405506,549.3843826356698,-1.4470053601943507,2596.807218996917,1907.327913151275,2596.807218996917,-0.00010508182329202983,0.0006450306519467199,-0.8253160529301975,0.005375997156730792,-2.9392620874085938e-05,-0.005416521184978316,4.2710673153718794e-07,0.05480833466092486,0.027880859375,0.014498664662928673,-0.8786472088264753,0.0478515625,0.0341796875,0.00048828125,1690.894775390625,872.3769718779678,0.3478636598686884,3908.2763671875,1652.67333984375,21.533203125,975.409163937129,361.00495095798954,-1.1595742179914326,1540.2015902122353,1014.111876885855,24.991080899389473,12.520162483816016,6.062638473344573,1.088968637091179,27.615509966309265,11.284210371068166,3.2952912036031847,1606.5386643218142,492.4601952103689,-0.6842411313701758,2601.8446287706192,1642.942319968627,2601.8446287706192
19,-0.00017066067271759576,0.0014453751862327563,1.6092356906753182,0.011364040512790885,-1.5415984389755328e-06,-0.011658454747402926,2.1182344941897967e-06,0.24225466473313528,0.1426025390625,0.08250486345116509,-0.11524588075882901,0.26953125,0.142578125,0.0,5509.808349609375,1578.4876143172849,-1.5478508109883418,7202.8564453125,6013.14697265625,839.794921875,2683.6813160147353,805.9011940754428,-0.9974433907697011,3732.197318878856,2688.9157367852167,550.549051512983,11.547052016886164,5.6275160394364745,0.9448303186032336,27.366972400534443,10.404111220048318,3.530230514994992,2610.978055951673,317.51511512626604,-1.6088857985585192,2974.821510610473,2718.997420791308,2974.821510610473,-9.946166486855994e-05,0.0012046735704381321,0.13042924462275185,0.007582037787961474,-1.6517828810549178e-05,-0.007761929885019069,1.4611310340905832e-06,0.1811914365691088,0.0885498046875,0.05119699924251111,-0.06496190704402566,0.17041015625,0.091064453125,0.0,4430.994873046875,1500.6166016820503,-1.085660387232368,6287.6953125,4791.1376953125,247.6318359375,2176.802679531144,701.6949181924559,-0.9987567627932601,3066.9371741620116,2374.3668746067387,359.3130962727115,13.785970994453567,5.795522026791166,0.8607505079708856,27.677390224717318,12.075599223912539,6.615303329404243,2412.6395249308266,341.7038954708451,-1.5289318923935502,2793.1707022417236,2478.3869641987385,2793.1707022417236,-0.0006612513127581987,0.002057369520689507,-0.6323470214802204,0.008026797400260691,-0.00028971606953481045,-0.008059991032625533,4.6700226432866125e-06,0.5030340998970866,0.0540771484375,0.031649468210462335,-0.047886700893332204,0.10400390625,0.0546875,0.0,2246.98974609375,1007.3080749283162,0.13594315620061848,4306.640625,2158.70361328125,549.0966796875,1221.3008501739155,455.5060100164723,-0.012743246185610527,2012.0688484326977,1177.542112131603,439.8398615061145,12.439820374054202,6.1059057547857245,0.4267187064397693,25.403819275927336,10.772241175979275,2.1639263795066643,1906.7500827882243,346.3431515158532,-0.420649527607691,2418.2858614317465,1948.226391509474,2418.2858614317465,0.0001532659471221264,0.0023056045264831866,1.163572938231315,0.008504273822684783,-5.543578133429354e-05,-0.00781703321633868,5.339302683087e-06,0.5822369578723673,0.0335205078125,0.020283531660156756,0.042422483587261535,0.0634765625,0.030517578125,0.0,1479.3310546875,978.8694300626432,0.7806998344624899,4102.0751953125,1361.97509765625,64.599609375,894.2805634742832,440.39954318993745,0.4395703251146687,1875.5417959747754,832.9173153737203,177.32533022348576,11.31484462045626,5.539103547132072,0.27895050912714925,23.659494918373973,10.061873922890076,2.105517074255207,1616.3311475352314,409.85461093157863,0.05454759522829251,2438.821905231614,1690.5235229150737,2438.821905231614,-0.0005409923027935996,0.0015616680313946414,-0.6545520615914912,0.004675339444733782,-0.00018359952203567798,-0.005771022138045095,2.7314797119619366e-06,0.31874771310575745,0.0236083984375,0.01429444923041683,0.14314462923894503,0.04736328125,0.021728515625,0.0,1433.572998046875,1126.961714429864,1.4284563273161455,5038.76953125,1270.458984375,21.533203125,877.1610966299413,475.8252756716617,0.8910316680801202,2269.771705881254,871.5616087702815,47.5785715621146,12.4657306754233,5.167516400728383,0.9616788231374716,25.18785864103438,11.705425352844978,5.261963223628788,1645.469917058964,462.6535202172685,-0.3526556321942854,2724.530379832848,1658.1092431957995,2724.530379832848
